5 Minutes,Lane 1 Flow (Veh/5 Minutes),Lane 2 Flow (Veh/5 Minutes),Flow (Veh/5 Minutes),# Lane Points,% Observed
10/5/2021 0:00,1,4,5,2,100
10/5/2021 0:05,3,5,8,2,100
10/5/2021 0:10,2,5,7,2,100
10/5/2021 0:15,2,2,4,2,100
10/5/2021 0:20,1,6,7,2,100
10/5/2021 0:25,3,8,11,2,100
10/5/2021 0:30,2,5,7,2,100
10/5/2021 0:35,1,1,2,2,100
10/5/2021 0:40,0,6,6,2,100
10/5/2021 0:45,1,2,3,2,100
10/5/2021 0:50,0,1,1,2,100
10/5/2021 0:55,1,3,4,2,100
10/5/2021 1:00,1,0,1,2,100
10/5/2021 1:05,3,1,4,2,100
10/5/2021 1:10,2,6,8,2,100
10/5/2021 1:15,2,2,4,2,100
10/5/2021 1:20,0,2,2,2,100
10/5/2021 1:25,1,3,4,2,100
10/5/2021 1:30,3,2,5,2,100
10/5/2021 1:35,2,1,3,2,100
10/5/2021 1:40,2,5,7,2,100
10/5/2021 1:45,1,1,2,2,100
10/5/2021 1:50,2,2,4,2,100
10/5/2021 1:55,1,3,4,2,100
10/5/2021 2:00,1,5,6,2,100
10/5/2021 2:05,0,0,0,2,100
10/5/2021 2:10,1,4,5,2,100
10/5/2021 2:15,1,2,3,2,100
10/5/2021 2:20,0,4,4,2,100
10/5/2021 2:25,1,3,4,2,100
10/5/2021 2:30,1,1,2,2,100
10/5/2021 2:35,1,2,3,2,100
10/5/2021 2:40,1,4,5,2,100
10/5/2021 2:45,1,3,4,2,100
10/5/2021 2:50,1,2,3,2,100
10/5/2021 2:55,3,3,6,2,100
10/5/2021 3:00,2,2,4,2,100
10/5/2021 3:05,2,5,7,2,100
10/5/2021 3:10,0,0,0,2,100
10/5/2021 3:15,2,3,5,2,100
10/5/2021 3:20,1,2,3,2,100
10/5/2021 3:25,1,2,3,2,100
10/5/2021 3:30,0,1,1,2,100
10/5/2021 3:35,1,0,1,2,100
10/5/2021 3:40,2,1,3,2,100
10/5/2021 3:45,0,2,2,2,100
10/5/2021 3:50,2,2,4,2,100
10/5/2021 3:55,0,3,3,2,100
10/5/2021 4:00,0,2,2,2,100
10/5/2021 4:05,0,0,0,2,100
10/5/2021 4:10,0,2,2,2,100
10/5/2021 4:15,0,1,1,2,100
10/5/2021 4:20,1,2,3,2,100
10/5/2021 4:25,1,2,3,2,100
10/5/2021 4:30,2,3,5,2,100
10/5/2021 4:35,2,3,5,2,100
10/5/2021 4:40,2,3,5,2,100
10/5/2021 4:45,1,5,6,2,100
10/5/2021 4:50,0,5,5,2,100
10/5/2021 4:55,1,4,5,2,100
10/5/2021 5:00,2,4,6,2,100
10/5/2021 5:05,0,4,4,2,100
10/5/2021 5:10,0,2,2,2,100
10/5/2021 5:15,1,5,6,2,100
10/5/2021 5:20,0,6,6,2,100
10/5/2021 5:25,0,8,8,2,100
10/5/2021 5:30,5,6,11,2,100
10/5/2021 5:35,5,4,9,2,100
10/5/2021 5:40,2,10,12,2,100
10/5/2021 5:45,1,9,10,2,100
10/5/2021 5:50,0,11,11,2,100
10/5/2021 5:55,3,14,17,2,100
10/5/2021 6:00,2,8,10,2,100
10/5/2021 6:05,5,7,12,2,100
10/5/2021 6:10,1,9,10,2,100
10/5/2021 6:15,6,11,17,2,100
10/5/2021 6:20,5,14,19,2,100
10/5/2021 6:25,1,14,15,2,100
10/5/2021 6:30,4,20,24,2,100
10/5/2021 6:35,5,17,22,2,100
10/5/2021 6:40,8,25,33,2,100
10/5/2021 6:45,9,20,29,2,100
10/5/2021 6:50,4,21,25,2,100
10/5/2021 6:55,11,28,39,2,100
10/5/2021 7:00,5,16,21,2,100
10/5/2021 7:05,4,25,29,2,100
10/5/2021 7:10,12,23,35,2,100
10/5/2021 7:15,10,32,42,2,100
10/5/2021 7:20,11,30,41,2,100
10/5/2021 7:25,7,33,40,2,100
10/5/2021 7:30,11,43,54,2,100
10/5/2021 7:35,11,40,51,2,100
10/5/2021 7:40,10,51,61,2,100
10/5/2021 7:45,18,60,78,2,100
10/5/2021 7:50,20,64,84,2,100
10/5/2021 7:55,17,57,74,2,100
10/5/2021 8:00,16,49,65,2,100
10/5/2021 8:05,12,51,63,2,100
10/5/2021 8:10,12,49,61,2,100
10/5/2021 8:15,18,67,85,2,100
10/5/2021 8:20,10,50,60,2,100
10/5/2021 8:25,13,43,56,2,100
10/5/2021 8:30,14,51,65,2,100
10/5/2021 8:35,17,49,66,2,100
10/5/2021 8:40,17,43,60,2,100
10/5/2021 8:45,12,34,46,2,100
10/5/2021 8:50,18,44,62,2,100
10/5/2021 8:55,19,47,66,2,100
10/5/2021 9:00,16,41,57,2,100
10/5/2021 9:05,10,39,49,2,100
10/5/2021 9:10,9,35,44,2,100
10/5/2021 9:15,8,37,45,2,100
10/5/2021 9:20,9,26,35,2,100
10/5/2021 9:25,9,39,48,2,100
10/5/2021 9:30,14,36,50,2,100
10/5/2021 9:35,12,35,47,2,100
10/5/2021 9:40,7,37,44,2,100
10/5/2021 9:45,7,44,51,2,100
10/5/2021 9:50,19,44,63,2,100
10/5/2021 9:55,11,38,49,2,100
10/5/2021 10:00,6,33,39,2,100
10/5/2021 10:05,7,32,39,2,100
10/5/2021 10:10,17,34,51,2,100
10/5/2021 10:15,12,43,55,2,100
10/5/2021 10:20,8,41,49,2,100
10/5/2021 10:25,15,44,59,2,100
10/5/2021 10:30,14,45,59,2,100
10/5/2021 10:35,13,36,49,2,100
10/5/2021 10:40,10,38,48,2,100
10/5/2021 10:45,19,37,56,2,100
10/5/2021 10:50,10,44,54,2,100
10/5/2021 10:55,12,50,62,2,100
10/5/2021 11:00,13,37,50,2,100
10/5/2021 11:05,7,40,47,2,100
10/5/2021 11:10,14,32,46,2,100
10/5/2021 11:15,15,34,49,2,100
10/5/2021 11:20,10,45,55,2,100
10/5/2021 11:25,16,51,67,2,100
10/5/2021 11:30,16,49,65,2,100
10/5/2021 11:35,11,36,47,2,100
10/5/2021 11:40,18,35,53,2,100
10/5/2021 11:45,12,43,55,2,100
10/5/2021 11:50,15,56,71,2,100
10/5/2021 11:55,13,48,61,2,100
10/5/2021 12:00,15,36,51,2,100
10/5/2021 12:05,17,35,52,2,100
10/5/2021 12:10,14,40,54,2,100
10/5/2021 12:15,19,48,67,2,100
10/5/2021 12:20,16,41,57,2,100
10/5/2021 12:25,15,42,57,2,100
10/5/2021 12:30,17,46,63,2,100
10/5/2021 12:35,17,42,59,2,100
10/5/2021 12:40,19,49,68,2,100
10/5/2021 12:45,12,44,56,2,100
10/5/2021 12:50,9,50,59,2,100
10/5/2021 12:55,11,53,64,2,100
10/5/2021 13:00,12,39,51,2,100
10/5/2021 13:05,9,48,57,2,100
10/5/2021 13:10,9,51,60,2,100
10/5/2021 13:15,13,38,51,2,100
10/5/2021 13:20,15,40,55,2,100
10/5/2021 13:25,12,42,54,2,100
10/5/2021 13:30,16,41,57,2,100
10/5/2021 13:35,16,41,57,2,100
10/5/2021 13:40,19,41,60,2,100
10/5/2021 13:45,16,38,54,2,100
10/5/2021 13:50,12,46,58,2,100
10/5/2021 13:55,12,45,57,2,100
10/5/2021 14:00,14,34,48,2,100
10/5/2021 14:05,8,36,44,2,100
10/5/2021 14:10,13,39,52,2,100
10/5/2021 14:15,8,52,60,2,100
10/5/2021 14:20,13,43,56,2,100
10/5/2021 14:25,16,51,67,2,100
10/5/2021 14:30,8,44,52,2,100
10/5/2021 14:35,24,57,81,2,100
10/5/2021 14:40,13,55,68,2,100
10/5/2021 14:45,18,54,72,2,100
10/5/2021 14:50,26,73,99,2,100
10/5/2021 14:55,15,58,73,2,100
10/5/2021 15:00,15,44,59,2,100
10/5/2021 15:05,14,30,44,2,100
10/5/2021 15:10,14,56,70,2,100
10/5/2021 15:15,21,64,85,2,100
10/5/2021 15:20,20,59,79,2,100
10/5/2021 15:25,17,64,81,2,100
10/5/2021 15:30,16,65,81,2,100
10/5/2021 15:35,20,60,80,2,100
10/5/2021 15:40,17,44,61,2,100
10/5/2021 15:45,19,74,93,2,100
10/5/2021 15:50,23,83,106,2,100
10/5/2021 15:55,21,53,74,2,100
10/5/2021 16:00,19,70,89,2,100
10/5/2021 16:05,19,69,88,2,100
10/5/2021 16:10,24,66,90,2,100
10/5/2021 16:15,20,65,85,2,100
10/5/2021 16:20,13,69,82,2,100
10/5/2021 16:25,12,53,65,2,100
10/5/2021 16:30,21,63,84,2,100
10/5/2021 16:35,23,48,71,2,100
10/5/2021 16:40,14,70,84,2,100
10/5/2021 16:45,25,81,106,2,100
10/5/2021 16:50,18,65,83,2,100
10/5/2021 16:55,27,67,94,2,100
10/5/2021 17:00,11,72,83,2,100
10/5/2021 17:05,23,64,87,2,100
10/5/2021 17:10,17,66,83,2,100
10/5/2021 17:15,18,74,92,2,100
10/5/2021 17:20,21,59,80,2,100
10/5/2021 17:25,17,66,83,2,100
10/5/2021 17:30,15,56,71,2,100
10/5/2021 17:35,16,61,77,2,100
10/5/2021 17:40,23,52,75,2,100
10/5/2021 17:45,26,63,89,2,100
10/5/2021 17:50,16,56,72,2,100
10/5/2021 17:55,12,56,68,2,100
10/5/2021 18:00,16,47,63,2,100
10/5/2021 18:05,19,53,72,2,100
10/5/2021 18:10,22,47,69,2,100
10/5/2021 18:15,21,66,87,2,100
10/5/2021 18:20,17,57,74,2,100
10/5/2021 18:25,23,50,73,2,100
10/5/2021 18:30,11,48,59,2,100
10/5/2021 18:35,13,49,62,2,100
10/5/2021 18:40,22,38,60,2,100
10/5/2021 18:45,14,50,64,2,100
10/5/2021 18:50,11,43,54,2,100
10/5/2021 18:55,11,43,54,2,100
10/5/2021 19:00,14,52,66,2,100
10/5/2021 19:05,25,52,77,2,100
10/5/2021 19:10,17,55,72,2,100
10/5/2021 19:15,17,46,63,2,100
10/5/2021 19:20,14,46,60,2,100
10/5/2021 19:25,23,38,61,2,100
10/5/2021 19:30,18,38,56,2,100
10/5/2021 19:35,12,39,51,2,100
10/5/2021 19:40,18,40,58,2,100
10/5/2021 19:45,9,35,44,2,100
10/5/2021 19:50,11,33,44,2,100
10/5/2021 19:55,12,29,41,2,100
10/5/2021 20:00,11,36,47,2,100
10/5/2021 20:05,13,27,40,2,100
10/5/2021 20:10,9,34,43,2,100
10/5/2021 20:15,9,25,34,2,100
10/5/2021 20:20,15,19,34,2,100
10/5/2021 20:25,6,28,34,2,100
10/5/2021 20:30,7,31,38,2,100
10/5/2021 20:35,9,25,34,2,100
10/5/2021 20:40,10,38,48,2,100
10/5/2021 20:45,11,26,37,2,100
10/5/2021 20:50,9,21,30,2,100
10/5/2021 20:55,6,25,31,2,100
10/5/2021 21:00,3,17,20,2,100
10/5/2021 21:05,8,28,36,2,100
10/5/2021 21:10,11,31,42,2,100
10/5/2021 21:15,3,14,17,2,100
10/5/2021 21:20,10,23,33,2,100
10/5/2021 21:25,9,35,44,2,100
10/5/2021 21:30,2,20,22,2,100
10/5/2021 21:35,5,32,37,2,100
10/5/2021 21:40,5,20,25,2,100
10/5/2021 21:45,6,19,25,2,100
10/5/2021 21:50,4,30,34,2,100
10/5/2021 21:55,6,20,26,2,100
10/5/2021 22:00,2,21,23,2,100
10/5/2021 22:05,6,25,31,2,100
10/5/2021 22:10,4,16,20,2,100
10/5/2021 22:15,7,22,29,2,100
10/5/2021 22:20,9,15,24,2,100
10/5/2021 22:25,4,12,16,2,100
10/5/2021 22:30,2,16,18,2,100
10/5/2021 22:35,4,21,25,2,100
10/5/2021 22:40,2,12,14,2,100
10/5/2021 22:45,2,8,10,2,100
10/5/2021 22:50,3,7,10,2,100
10/5/2021 22:55,7,7,14,2,100
10/5/2021 23:00,2,13,15,2,100
10/5/2021 23:05,3,10,13,2,100
10/5/2021 23:10,3,20,23,2,100
10/5/2021 23:15,3,7,10,2,100
10/5/2021 23:20,3,7,10,2,100
10/5/2021 23:25,5,9,14,2,100
10/5/2021 23:30,5,10,15,2,100
10/5/2021 23:35,0,6,6,2,100
10/5/2021 23:40,2,6,8,2,100
10/5/2021 23:45,2,8,10,2,100
10/5/2021 23:50,2,12,14,2,100
10/5/2021 23:55,0,4,4,2,100
10/6/2021 0:00,2,4,6,2,100
10/6/2021 0:05,5,5,10,2,100
10/6/2021 0:10,1,9,10,2,100
10/6/2021 0:15,0,9,9,2,100
10/6/2021 0:20,1,7,8,2,100
10/6/2021 0:25,1,3,4,2,100
10/6/2021 0:30,1,7,8,2,100
10/6/2021 0:35,5,4,9,2,100
10/6/2021 0:40,1,3,4,2,100
10/6/2021 0:45,1,0,1,2,100
10/6/2021 0:50,5,2,7,2,100
10/6/2021 0:55,1,2,3,2,100
10/6/2021 1:00,0,0,0,2,100
10/6/2021 1:05,0,2,2,2,100
10/6/2021 1:10,1,4,5,2,100
10/6/2021 1:15,1,5,6,2,100
10/6/2021 1:20,0,3,3,2,100
10/6/2021 1:25,2,0,2,2,100
10/6/2021 1:30,0,1,1,2,100
10/6/2021 1:35,1,1,2,2,100
10/6/2021 1:40,0,5,5,2,100
10/6/2021 1:45,3,6,9,2,100
10/6/2021 1:50,1,6,7,2,100
10/6/2021 1:55,0,0,0,2,100
10/6/2021 2:00,0,6,6,2,100
10/6/2021 2:05,3,3,6,2,100
10/6/2021 2:10,2,1,3,2,100
10/6/2021 2:15,0,2,2,2,100
10/6/2021 2:20,1,1,2,2,100
10/6/2021 2:25,2,2,4,2,100
10/6/2021 2:30,2,2,4,2,100
10/6/2021 2:35,2,0,2,2,100
10/6/2021 2:40,2,5,7,2,100
10/6/2021 2:45,1,4,5,2,100
10/6/2021 2:50,1,2,3,2,100
10/6/2021 2:55,1,2,3,2,100
10/6/2021 3:00,1,4,5,2,100
10/6/2021 3:05,1,3,4,2,100
10/6/2021 3:10,2,1,3,2,100
10/6/2021 3:15,0,4,4,2,100
10/6/2021 3:20,1,2,3,2,100
10/6/2021 3:25,0,2,2,2,100
10/6/2021 3:30,2,2,4,2,100
10/6/2021 3:35,1,0,1,2,100
10/6/2021 3:40,1,0,1,2,100
10/6/2021 3:45,0,2,2,2,100
10/6/2021 3:50,2,3,5,2,100
10/6/2021 3:55,0,2,2,2,100
10/6/2021 4:00,1,0,1,2,100
10/6/2021 4:05,1,3,4,2,100
10/6/2021 4:10,2,3,5,2,100
10/6/2021 4:15,1,1,2,2,100
10/6/2021 4:20,0,2,2,2,100
10/6/2021 4:25,1,2,3,2,100
10/6/2021 4:30,1,4,5,2,100
10/6/2021 4:35,3,2,5,2,100
10/6/2021 4:40,2,4,6,2,100
10/6/2021 4:45,1,3,4,2,100
10/6/2021 4:50,3,8,11,2,100
10/6/2021 4:55,2,2,4,2,100
10/6/2021 5:00,1,4,5,2,100
10/6/2021 5:05,2,4,6,2,100
10/6/2021 5:10,1,4,5,2,100
10/6/2021 5:15,2,3,5,2,100
10/6/2021 5:20,1,2,3,2,100
10/6/2021 5:25,3,7,10,2,100
10/6/2021 5:30,4,4,8,2,100
10/6/2021 5:35,4,4,8,2,100
10/6/2021 5:40,1,7,8,2,100
10/6/2021 5:45,1,11,12,2,100
10/6/2021 5:50,2,9,11,2,100
10/6/2021 5:55,4,10,14,2,100
10/6/2021 6:00,6,14,20,2,100
10/6/2021 6:05,4,9,13,2,100
10/6/2021 6:10,3,17,20,2,100
10/6/2021 6:15,7,10,17,2,100
10/6/2021 6:20,0,11,11,2,100
10/6/2021 6:25,3,12,15,2,100
10/6/2021 6:30,2,15,17,2,100
10/6/2021 6:35,4,18,22,2,100
10/6/2021 6:40,6,26,32,2,100
10/6/2021 6:45,10,24,34,2,100
10/6/2021 6:50,6,22,28,2,100
10/6/2021 6:55,9,13,22,2,100
10/6/2021 7:00,5,30,35,2,100
10/6/2021 7:05,10,16,26,2,100
10/6/2021 7:10,8,26,34,2,100
10/6/2021 7:15,15,30,45,2,100
10/6/2021 7:20,7,27,34,2,100
10/6/2021 7:25,8,32,40,2,100
10/6/2021 7:30,21,44,65,2,100
10/6/2021 7:35,12,36,48,2,100
10/6/2021 7:40,14,45,59,2,100
10/6/2021 7:45,13,56,69,2,100
10/6/2021 7:50,12,51,63,2,100
10/6/2021 7:55,14,57,71,2,100
10/6/2021 8:00,16,54,70,2,100
10/6/2021 8:05,13,54,67,2,100
10/6/2021 8:10,18,55,73,2,100
10/6/2021 8:15,19,52,71,2,100
10/6/2021 8:20,16,57,73,2,100
10/6/2021 8:25,15,47,62,2,100
10/6/2021 8:30,10,42,52,2,100
10/6/2021 8:35,17,43,60,2,100
10/6/2021 8:40,20,43,63,2,100
10/6/2021 8:45,12,48,60,2,100
10/6/2021 8:50,18,52,70,2,100
10/6/2021 8:55,16,46,62,2,100
10/6/2021 9:00,20,30,50,2,100
10/6/2021 9:05,16,39,55,2,100
10/6/2021 9:10,14,36,50,2,100
10/6/2021 9:15,5,35,40,2,100
10/6/2021 9:20,11,32,43,2,100
10/6/2021 9:25,5,28,33,2,100
10/6/2021 9:30,4,54,58,2,100
10/6/2021 9:35,16,47,63,2,100
10/6/2021 9:40,10,40,50,2,100
10/6/2021 9:45,8,44,52,2,100
10/6/2021 9:50,17,42,59,2,100
10/6/2021 9:55,15,48,63,2,100
10/6/2021 10:00,13,35,48,2,100
10/6/2021 10:05,10,52,62,2,100
10/6/2021 10:10,17,33,50,2,100
10/6/2021 10:15,6,35,41,2,100
10/6/2021 10:20,7,35,42,2,100
10/6/2021 10:25,7,41,48,2,100
10/6/2021 10:30,11,33,44,2,100
10/6/2021 10:35,16,33,49,2,100
10/6/2021 10:40,12,34,46,2,100
10/6/2021 10:45,12,43,55,2,100
10/6/2021 10:50,13,47,60,2,100
10/6/2021 10:55,5,47,52,2,100
10/6/2021 11:00,9,34,43,2,100
10/6/2021 11:05,20,42,62,2,100
10/6/2021 11:10,13,39,52,2,100
10/6/2021 11:15,17,44,61,2,100
10/6/2021 11:20,13,39,52,2,100
10/6/2021 11:25,12,37,49,2,100
10/6/2021 11:30,15,35,50,2,100
10/6/2021 11:35,15,44,59,2,100
10/6/2021 11:40,14,40,54,2,100
10/6/2021 11:45,7,53,60,2,100
10/6/2021 11:50,21,43,64,2,100
10/6/2021 11:55,15,35,50,2,100
10/6/2021 12:00,13,42,55,2,100
10/6/2021 12:05,17,44,61,2,100
10/6/2021 12:10,12,63,75,2,100
10/6/2021 12:15,25,52,77,2,100
10/6/2021 12:20,13,52,65,2,100
10/6/2021 12:25,12,41,53,2,100
10/6/2021 12:30,16,40,56,2,100
10/6/2021 12:35,13,41,54,2,100
10/6/2021 12:40,23,54,77,2,100
10/6/2021 12:45,18,60,78,2,100
10/6/2021 12:50,11,59,70,2,100
10/6/2021 12:55,12,38,50,2,100
10/6/2021 13:00,14,40,54,2,100
10/6/2021 13:05,6,49,55,2,100
10/6/2021 13:10,15,41,56,2,100
10/6/2021 13:15,14,59,73,2,100
10/6/2021 13:20,13,47,60,2,100
10/6/2021 13:25,17,45,62,2,100
10/6/2021 13:30,14,50,64,2,100
10/6/2021 13:35,14,43,57,2,100
10/6/2021 13:40,14,49,63,2,100
10/6/2021 13:45,12,52,64,2,100
10/6/2021 13:50,16,37,53,2,100
10/6/2021 13:55,23,37,60,2,100
10/6/2021 14:00,11,49,60,2,100
10/6/2021 14:05,12,55,67,2,100
10/6/2021 14:10,19,47,66,2,100
10/6/2021 14:15,18,56,74,2,100
10/6/2021 14:20,11,36,47,2,100
10/6/2021 14:25,14,53,67,2,100
10/6/2021 14:30,9,28,37,2,100
10/6/2021 14:35,15,40,55,2,100
10/6/2021 14:40,14,57,71,2,100
10/6/2021 14:45,20,57,77,2,100
10/6/2021 14:50,17,53,70,2,100
10/6/2021 14:55,11,56,67,2,100
10/6/2021 15:00,23,65,88,2,100
10/6/2021 15:05,13,57,70,2,100
10/6/2021 15:10,17,63,80,2,100
10/6/2021 15:15,22,55,77,2,100
10/6/2021 15:20,9,57,66,2,100
10/6/2021 15:25,21,51,72,2,100
10/6/2021 15:30,20,74,94,2,100
10/6/2021 15:35,19,66,85,2,100
10/6/2021 15:40,23,51,74,2,100
10/6/2021 15:45,15,67,82,2,100
10/6/2021 15:50,23,63,86,2,100
10/6/2021 15:55,15,63,78,2,100
10/6/2021 16:00,15,58,73,2,100
10/6/2021 16:05,20,64,84,2,100
10/6/2021 16:10,17,60,77,2,100
10/6/2021 16:15,20,65,85,2,100
10/6/2021 16:20,16,65,81,2,100
10/6/2021 16:25,17,68,85,2,100
10/6/2021 16:30,24,56,80,2,100
10/6/2021 16:35,16,65,81,2,100
10/6/2021 16:40,17,66,83,2,100
10/6/2021 16:45,19,76,95,2,100
10/6/2021 16:50,33,71,104,2,100
10/6/2021 16:55,24,67,91,2,100
10/6/2021 17:00,19,64,83,2,100
10/6/2021 17:05,20,61,81,2,100
10/6/2021 17:10,25,69,94,2,100
10/6/2021 17:15,27,66,93,2,100
10/6/2021 17:20,24,88,112,2,100
10/6/2021 17:25,18,67,85,2,100
10/6/2021 17:30,25,82,107,2,100
10/6/2021 17:35,20,43,63,2,100
10/6/2021 17:40,20,68,88,2,100
10/6/2021 17:45,24,62,86,2,100
10/6/2021 17:50,24,49,73,2,100
10/6/2021 17:55,22,58,80,2,100
10/6/2021 18:00,22,60,82,2,100
10/6/2021 18:05,22,54,76,2,100
10/6/2021 18:10,10,44,54,2,100
10/6/2021 18:15,21,51,72,2,100
10/6/2021 18:20,26,40,66,2,100
10/6/2021 18:25,11,48,59,2,100
10/6/2021 18:30,20,51,71,2,100
10/6/2021 18:35,14,68,82,2,100
10/6/2021 18:40,14,39,53,2,100
10/6/2021 18:45,15,49,64,2,100
10/6/2021 18:50,19,57,76,2,100
10/6/2021 18:55,17,44,61,2,100
10/6/2021 19:00,15,51,66,2,100
10/6/2021 19:05,17,47,64,2,100
10/6/2021 19:10,11,35,46,2,100
10/6/2021 19:15,16,39,55,2,100
10/6/2021 19:20,14,45,59,2,100
10/6/2021 19:25,10,31,41,2,100
10/6/2021 19:30,12,29,41,2,100
10/6/2021 19:35,14,42,56,2,100
10/6/2021 19:40,13,36,49,2,100
10/6/2021 19:45,9,30,39,2,100
10/6/2021 19:50,12,35,47,2,100
10/6/2021 19:55,13,31,44,2,100
10/6/2021 20:00,9,23,32,2,100
10/6/2021 20:05,12,41,53,2,100
10/6/2021 20:10,12,23,35,2,100
10/6/2021 20:15,10,38,48,2,100
10/6/2021 20:20,11,30,41,2,100
10/6/2021 20:25,8,28,36,2,100
10/6/2021 20:30,6,31,37,2,100
10/6/2021 20:35,16,34,50,2,100
10/6/2021 20:40,11,32,43,2,100
10/6/2021 20:45,9,27,36,2,100
10/6/2021 20:50,11,29,40,2,100
10/6/2021 20:55,12,19,31,2,100
10/6/2021 21:00,5,20,25,2,100
10/6/2021 21:05,10,22,32,2,100
10/6/2021 21:10,11,24,35,2,100
10/6/2021 21:15,12,23,35,2,100
10/6/2021 21:20,7,30,37,2,100
10/6/2021 21:25,9,26,35,2,100
10/6/2021 21:30,2,15,17,2,100
10/6/2021 21:35,5,17,22,2,100
10/6/2021 21:40,7,19,26,2,100
10/6/2021 21:45,10,17,27,2,100
10/6/2021 21:50,4,18,22,2,100
10/6/2021 21:55,8,17,25,2,100
10/6/2021 22:00,5,16,21,2,100
10/6/2021 22:05,5,17,22,2,100
10/6/2021 22:10,9,18,27,2,100
10/6/2021 22:15,10,15,25,2,100
10/6/2021 22:20,9,12,21,2,100
10/6/2021 22:25,7,13,20,2,100
10/6/2021 22:30,6,10,16,2,100
10/6/2021 22:35,4,8,12,2,100
10/6/2021 22:40,6,11,17,2,100
10/6/2021 22:45,5,17,22,2,100
10/6/2021 22:50,9,15,24,2,100
10/6/2021 22:55,7,12,19,2,100
10/6/2021 23:00,7,6,13,2,100
10/6/2021 23:05,3,11,14,2,100
10/6/2021 23:10,6,13,19,2,100
10/6/2021 23:15,8,14,22,2,100
10/6/2021 23:20,3,12,15,2,100
10/6/2021 23:25,5,10,15,2,100
10/6/2021 23:30,6,8,14,2,100
10/6/2021 23:35,5,4,9,2,100
10/6/2021 23:40,1,7,8,2,100
10/6/2021 23:45,5,5,10,2,100
10/6/2021 23:50,0,3,3,2,100
10/6/2021 23:55,1,5,6,2,100
10/7/2021 0:00,2,5,7,2,100
10/7/2021 0:05,1,2,3,2,100
10/7/2021 0:10,1,3,4,2,100
10/7/2021 0:15,3,9,12,2,100
10/7/2021 0:20,2,2,4,2,100
10/7/2021 0:25,1,11,12,2,100
10/7/2021 0:30,1,4,5,2,100
10/7/2021 0:35,1,2,3,2,100
10/7/2021 0:40,2,2,4,2,100
10/7/2021 0:45,3,10,13,2,100
10/7/2021 0:50,2,4,6,2,100
10/7/2021 0:55,0,2,2,2,100
10/7/2021 1:00,0,5,5,2,100
10/7/2021 1:05,1,2,3,2,100
10/7/2021 1:10,1,1,2,2,100
10/7/2021 1:15,0,3,3,2,100
10/7/2021 1:20,0,2,2,2,100
10/7/2021 1:25,3,2,5,2,100
10/7/2021 1:30,3,4,7,2,100
10/7/2021 1:35,0,3,3,2,100
10/7/2021 1:40,1,2,3,2,100
10/7/2021 1:45,0,5,5,2,100
10/7/2021 1:50,1,2,3,2,100
10/7/2021 1:55,0,1,1,2,100
10/7/2021 2:00,1,0,1,2,100
10/7/2021 2:05,0,4,4,2,100
10/7/2021 2:10,0,4,4,2,100
10/7/2021 2:15,0,1,1,2,100
10/7/2021 2:20,0,0,0,2,100
10/7/2021 2:25,2,0,2,2,100
10/7/2021 2:30,0,1,1,2,100
10/7/2021 2:35,1,4,5,2,100
10/7/2021 2:40,2,6,8,2,100
10/7/2021 2:45,2,7,9,2,100
10/7/2021 2:50,0,2,2,2,100
10/7/2021 2:55,1,2,3,2,100
10/7/2021 3:00,2,3,5,2,100
10/7/2021 3:05,1,2,3,2,100
10/7/2021 3:10,2,2,4,2,100
10/7/2021 3:15,0,2,2,2,100
10/7/2021 3:20,0,0,0,2,100
10/7/2021 3:25,0,2,2,2,100
10/7/2021 3:30,0,1,1,2,100
10/7/2021 3:35,0,0,0,2,100
10/7/2021 3:40,2,1,3,2,100
10/7/2021 3:45,1,0,1,2,100
10/7/2021 3:50,0,2,2,2,100
10/7/2021 3:55,1,2,3,2,100
10/7/2021 4:00,0,1,1,2,100
10/7/2021 4:05,0,1,1,2,100
10/7/2021 4:10,1,1,2,2,100
10/7/2021 4:15,0,1,1,2,100
10/7/2021 4:20,2,4,6,2,100
10/7/2021 4:25,0,3,3,2,100
10/7/2021 4:30,2,2,4,2,100
10/7/2021 4:35,1,2,3,2,100
10/7/2021 4:40,1,2,3,2,100
10/7/2021 4:45,1,3,4,2,100
10/7/2021 4:50,4,6,10,2,100
10/7/2021 4:55,0,4,4,2,100
10/7/2021 5:00,2,2,4,2,100
10/7/2021 5:05,1,4,5,2,100
10/7/2021 5:10,1,5,6,2,100
10/7/2021 5:15,2,2,4,2,100
10/7/2021 5:20,2,8,10,2,100
10/7/2021 5:25,1,4,5,2,100
10/7/2021 5:30,6,5,11,2,100
10/7/2021 5:35,4,5,9,2,100
10/7/2021 5:40,0,4,4,2,100
10/7/2021 5:45,4,13,17,2,100
10/7/2021 5:50,1,10,11,2,100
10/7/2021 5:55,6,15,21,2,100
10/7/2021 6:00,5,5,10,2,100
10/7/2021 6:05,3,6,9,2,100
10/7/2021 6:10,1,9,10,2,100
10/7/2021 6:15,7,8,15,2,100
10/7/2021 6:20,3,13,16,2,100
10/7/2021 6:25,5,18,23,2,100
10/7/2021 6:30,3,20,23,2,100
10/7/2021 6:35,5,22,27,2,100
10/7/2021 6:40,11,22,33,2,100
10/7/2021 6:45,10,12,22,2,100
10/7/2021 6:50,5,21,26,2,100
10/7/2021 6:55,9,28,37,2,100
10/7/2021 7:00,3,18,21,2,100
10/7/2021 7:05,9,26,35,2,100
10/7/2021 7:10,7,24,31,2,100
10/7/2021 7:15,15,25,40,2,100
10/7/2021 7:20,7,35,42,2,100
10/7/2021 7:25,20,28,48,2,100
10/7/2021 7:30,14,42,56,2,100
10/7/2021 7:35,19,42,61,2,100
10/7/2021 7:40,18,62,80,2,100
10/7/2021 7:45,14,51,65,2,100
10/7/2021 7:50,17,62,79,2,100
10/7/2021 7:55,9,58,67,2,100
10/7/2021 8:00,12,53,65,2,100
10/7/2021 8:05,14,59,73,2,100
10/7/2021 8:10,12,58,70,2,100
10/7/2021 8:15,17,71,88,2,100
10/7/2021 8:20,22,55,77,2,100
10/7/2021 8:25,14,49,63,2,100
10/7/2021 8:30,10,40,50,2,100
10/7/2021 8:35,11,36,47,2,100
10/7/2021 8:40,17,46,63,2,100
10/7/2021 8:45,11,43,54,2,100
10/7/2021 8:50,14,46,60,2,100
10/7/2021 8:55,17,38,55,2,100
10/7/2021 9:00,17,37,54,2,100
10/7/2021 9:05,9,32,41,2,100
10/7/2021 9:10,13,24,37,2,100
10/7/2021 9:15,10,42,52,2,100
10/7/2021 9:20,10,34,44,2,100
10/7/2021 9:25,15,36,51,2,100
10/7/2021 9:30,19,49,68,2,100
10/7/2021 9:35,16,53,69,2,100
10/7/2021 9:40,10,38,48,2,100
10/7/2021 9:45,21,42,63,2,100
10/7/2021 9:50,15,65,80,2,100
10/7/2021 9:55,13,37,50,2,100
10/7/2021 10:00,5,44,49,2,100
10/7/2021 10:05,11,39,50,2,100
10/7/2021 10:10,24,37,61,2,100
10/7/2021 10:15,19,41,60,2,100
10/7/2021 10:20,8,49,57,2,100
10/7/2021 10:25,7,30,37,2,100
10/7/2021 10:30,8,44,52,2,100
10/7/2021 10:35,7,31,38,2,100
10/7/2021 10:40,22,49,71,2,100
10/7/2021 10:45,14,45,59,2,100
10/7/2021 10:50,15,46,61,2,100
10/7/2021 10:55,15,51,66,2,100
10/7/2021 11:00,12,42,54,2,100
10/7/2021 11:05,14,39,53,2,100
10/7/2021 11:10,15,52,67,2,100
10/7/2021 11:15,18,52,70,2,100
10/7/2021 11:20,13,54,67,2,100
10/7/2021 11:25,11,41,52,2,100
10/7/2021 11:30,13,35,48,2,100
10/7/2021 11:35,12,49,61,2,100
10/7/2021 11:40,16,48,64,2,100
10/7/2021 11:45,16,40,56,2,100
10/7/2021 11:50,15,41,56,2,100
10/7/2021 11:55,16,45,61,2,100
10/7/2021 12:00,9,34,43,2,100
10/7/2021 12:05,21,45,66,2,100
10/7/2021 12:10,14,51,65,2,100
10/7/2021 12:15,15,56,71,2,100
10/7/2021 12:20,13,50,63,2,100
10/7/2021 12:25,16,41,57,2,100
10/7/2021 12:30,13,53,66,2,100
10/7/2021 12:35,12,46,58,2,100
10/7/2021 12:40,21,62,83,2,100
10/7/2021 12:45,9,57,66,2,100
10/7/2021 12:50,16,41,57,2,100
10/7/2021 12:55,7,47,54,2,100
10/7/2021 13:00,10,41,51,2,100
10/7/2021 13:05,15,37,52,2,100
10/7/2021 13:10,14,52,66,2,100
10/7/2021 13:15,8,39,47,2,100
10/7/2021 13:20,13,45,58,2,100
10/7/2021 13:25,17,38,55,2,100
10/7/2021 13:30,7,44,51,2,100
10/7/2021 13:35,13,44,57,2,100
10/7/2021 13:40,16,51,67,2,100
10/7/2021 13:45,11,48,59,2,100
10/7/2021 13:50,19,50,69,2,100
10/7/2021 13:55,19,61,80,2,100
10/7/2021 14:00,12,51,63,2,100
10/7/2021 14:05,10,41,51,2,100
10/7/2021 14:10,15,48,63,2,100
10/7/2021 14:15,14,41,55,2,100
10/7/2021 14:20,15,56,71,2,100
10/7/2021 14:25,13,53,66,2,100
10/7/2021 14:30,17,45,62,2,100
10/7/2021 14:35,17,49,66,2,100
10/7/2021 14:40,13,51,64,2,100
10/7/2021 14:45,16,55,71,2,100
10/7/2021 14:50,16,53,69,2,100
10/7/2021 14:55,13,58,71,2,100
10/7/2021 15:00,11,51,62,2,100
10/7/2021 15:05,17,57,74,2,100
10/7/2021 15:10,22,43,65,2,100
10/7/2021 15:15,13,57,70,2,100
10/7/2021 15:20,13,70,83,2,100
10/7/2021 15:25,20,69,89,2,100
10/7/2021 15:30,17,78,95,2,100
10/7/2021 15:35,26,53,79,2,100
10/7/2021 15:40,24,64,88,2,100
10/7/2021 15:45,16,69,85,2,100
10/7/2021 15:50,23,68,91,2,100
10/7/2021 15:55,13,69,82,2,100
10/7/2021 16:00,14,62,76,2,100
10/7/2021 16:05,24,55,79,2,100
10/7/2021 16:10,13,62,75,2,100
10/7/2021 16:15,17,59,76,2,100
10/7/2021 16:20,22,53,75,2,100
10/7/2021 16:25,18,57,75,2,100
10/7/2021 16:30,21,58,79,2,100
10/7/2021 16:35,12,81,93,2,100
10/7/2021 16:40,18,70,88,2,100
10/7/2021 16:45,29,61,90,2,100
10/7/2021 16:50,16,70,86,2,100
10/7/2021 16:55,24,81,105,2,100
10/7/2021 17:00,29,73,102,2,100
10/7/2021 17:05,23,52,75,2,100
10/7/2021 17:10,23,59,82,2,100
10/7/2021 17:15,21,60,81,2,100
10/7/2021 17:20,26,55,81,2,100
10/7/2021 17:25,37,82,119,2,100
10/7/2021 17:30,23,74,97,2,100
10/7/2021 17:35,19,73,92,2,100
10/7/2021 17:40,23,61,84,2,100
10/7/2021 17:45,15,66,81,2,100
10/7/2021 17:50,16,54,70,2,100
10/7/2021 17:55,26,58,84,2,100
10/7/2021 18:00,23,62,85,2,100
10/7/2021 18:05,9,59,68,2,100
10/7/2021 18:10,18,59,77,2,100
10/7/2021 18:15,15,42,57,2,100
10/7/2021 18:20,21,56,77,2,100
10/7/2021 18:25,17,52,69,2,100
10/7/2021 18:30,17,53,70,2,100
10/7/2021 18:35,10,59,69,2,100
10/7/2021 18:40,20,54,74,2,100
10/7/2021 18:45,15,49,64,2,100
10/7/2021 18:50,14,50,64,2,100
10/7/2021 18:55,14,43,57,2,100
10/7/2021 19:00,16,42,58,2,100
10/7/2021 19:05,23,44,67,2,100
10/7/2021 19:10,20,47,67,2,100
10/7/2021 19:15,18,39,57,2,100
10/7/2021 19:20,12,50,62,2,100
10/7/2021 19:25,12,38,50,2,100
10/7/2021 19:30,18,32,50,2,100
10/7/2021 19:35,7,43,50,2,100
10/7/2021 19:40,15,23,38,2,100
10/7/2021 19:45,14,35,49,2,100
10/7/2021 19:50,7,24,31,2,100
10/7/2021 19:55,13,36,49,2,100
10/7/2021 20:00,9,44,53,2,100
10/7/2021 20:05,13,21,34,2,100
10/7/2021 20:10,13,32,45,2,100
10/7/2021 20:15,15,29,44,2,100
10/7/2021 20:20,10,32,42,2,100
10/7/2021 20:25,16,41,57,2,100
10/7/2021 20:30,11,30,41,2,100
10/7/2021 20:35,14,34,48,2,100
10/7/2021 20:40,10,38,48,2,100
10/7/2021 20:45,12,32,44,2,100
10/7/2021 20:50,4,22,26,2,100
10/7/2021 20:55,7,29,36,2,100
10/7/2021 21:00,6,21,27,2,100
10/7/2021 21:05,9,24,33,2,100
10/7/2021 21:10,7,20,27,2,100
10/7/2021 21:15,13,19,32,2,100
10/7/2021 21:20,7,37,44,2,100
10/7/2021 21:25,13,25,38,2,100
10/7/2021 21:30,12,18,30,2,100
10/7/2021 21:35,9,22,31,2,100
10/7/2021 21:40,8,18,26,2,100
10/7/2021 21:45,10,22,32,2,100
10/7/2021 21:50,2,18,20,2,100
10/7/2021 21:55,12,16,28,2,100
10/7/2021 22:00,12,16,28,2,100
10/7/2021 22:05,8,14,22,2,100
10/7/2021 22:10,10,22,32,2,100
10/7/2021 22:15,7,19,26,2,100
10/7/2021 22:20,3,14,17,2,100
10/7/2021 22:25,9,17,26,2,100
10/7/2021 22:30,5,13,18,2,100
10/7/2021 22:35,10,9,19,2,100
10/7/2021 22:40,6,19,25,2,100
10/7/2021 22:45,9,10,19,2,100
10/7/2021 22:50,4,12,16,2,100
10/7/2021 22:55,5,15,20,2,100
10/7/2021 23:00,8,13,21,2,100
10/7/2021 23:05,3,11,14,2,100
10/7/2021 23:10,3,8,11,2,100
10/7/2021 23:15,6,14,20,2,100
10/7/2021 23:20,0,6,6,2,100
10/7/2021 23:25,7,9,16,2,100
10/7/2021 23:30,1,7,8,2,100
10/7/2021 23:35,2,8,10,2,100
10/7/2021 23:40,3,6,9,2,100
10/7/2021 23:45,6,10,16,2,100
10/7/2021 23:50,1,7,8,2,100
10/7/2021 23:55,1,3,4,2,100
10/8/2021 0:00,3,3,6,2,100
10/8/2021 0:05,2,6,8,2,100
10/8/2021 0:10,1,4,5,2,100
10/8/2021 0:15,3,4,7,2,100
10/8/2021 0:20,2,1,3,2,100
10/8/2021 0:25,4,5,9,2,100
10/8/2021 0:30,3,7,10,2,100
10/8/2021 0:35,2,3,5,2,100
10/8/2021 0:40,0,4,4,2,100
10/8/2021 0:45,4,5,9,2,100
10/8/2021 0:50,2,2,4,2,100
10/8/2021 0:55,1,3,4,2,100
10/8/2021 1:00,0,5,5,2,100
10/8/2021 1:05,3,2,5,2,100
10/8/2021 1:10,1,1,2,2,100
10/8/2021 1:15,3,2,5,2,100
10/8/2021 1:20,3,3,6,2,100
10/8/2021 1:25,2,2,4,2,100
10/8/2021 1:30,2,6,8,2,100
10/8/2021 1:35,1,5,6,2,100
10/8/2021 1:40,2,4,6,2,100
10/8/2021 1:45,4,2,6,2,100
10/8/2021 1:50,1,3,4,2,100
10/8/2021 1:55,2,6,8,2,100
10/8/2021 2:00,1,1,2,2,100
10/8/2021 2:05,1,7,8,2,100
10/8/2021 2:10,0,2,2,2,100
10/8/2021 2:15,0,2,2,2,100
10/8/2021 2:20,1,3,4,2,100
10/8/2021 2:25,1,4,5,2,100
10/8/2021 2:30,0,2,2,2,100
10/8/2021 2:35,1,5,6,2,100
10/8/2021 2:40,4,1,5,2,100
10/8/2021 2:45,1,8,9,2,100
10/8/2021 2:50,2,2,4,2,100
10/8/2021 2:55,1,2,3,2,100
10/8/2021 3:00,1,2,3,2,100
10/8/2021 3:05,0,0,0,2,100
10/8/2021 3:10,3,3,6,2,100
10/8/2021 3:15,1,2,3,2,100
10/8/2021 3:20,1,0,1,2,100
10/8/2021 3:25,0,1,1,2,100
10/8/2021 3:30,0,4,4,2,100
10/8/2021 3:35,1,4,5,2,100
10/8/2021 3:40,0,0,0,2,100
10/8/2021 3:45,1,2,3,2,100
10/8/2021 3:50,1,5,6,2,100
10/8/2021 3:55,1,2,3,2,100
10/8/2021 4:00,2,7,9,2,100
10/8/2021 4:05,0,0,0,2,100
10/8/2021 4:10,3,1,4,2,100
10/8/2021 4:15,0,3,3,2,100
10/8/2021 4:20,1,2,3,2,100
10/8/2021 4:25,0,4,4,2,100
10/8/2021 4:30,1,4,5,2,100
10/8/2021 4:35,0,2,2,2,100
10/8/2021 4:40,1,2,3,2,100
10/8/2021 4:45,1,4,5,2,100
10/8/2021 4:50,4,5,9,2,100
10/8/2021 4:55,0,3,3,2,100
10/8/2021 5:00,1,6,7,2,100
10/8/2021 5:05,1,3,4,2,100
10/8/2021 5:10,2,7,9,2,100
10/8/2021 5:15,1,7,8,2,100
10/8/2021 5:20,1,4,5,2,100
10/8/2021 5:25,2,7,9,2,100
10/8/2021 5:30,4,11,15,2,100
10/8/2021 5:35,2,8,10,2,100
10/8/2021 5:40,0,6,6,2,100
10/8/2021 5:45,5,6,11,2,100
10/8/2021 5:50,3,14,17,2,100
10/8/2021 5:55,1,12,13,2,100
10/8/2021 6:00,1,11,12,2,100
10/8/2021 6:05,2,14,16,2,100
10/8/2021 6:10,4,18,22,2,100
10/8/2021 6:15,3,14,17,2,100
10/8/2021 6:20,5,12,17,2,100
10/8/2021 6:25,4,9,13,2,100
10/8/2021 6:30,6,18,24,2,100
10/8/2021 6:35,3,14,17,2,100
10/8/2021 6:40,6,17,23,2,100
10/8/2021 6:45,6,19,25,2,100
10/8/2021 6:50,8,25,33,2,100
10/8/2021 6:55,10,25,35,2,100
10/8/2021 7:00,9,21,30,2,100
10/8/2021 7:05,5,17,22,2,100
10/8/2021 7:10,3,29,32,2,100
10/8/2021 7:15,10,24,34,2,100
10/8/2021 7:20,14,23,37,2,100
10/8/2021 7:25,11,41,52,2,100
10/8/2021 7:30,16,48,64,2,100
10/8/2021 7:35,9,54,63,2,100
10/8/2021 7:40,13,48,61,2,100
10/8/2021 7:45,12,54,66,2,100
10/8/2021 7:50,20,61,81,2,100
10/8/2021 7:55,13,45,58,2,100
10/8/2021 8:00,12,45,57,2,100
10/8/2021 8:05,9,68,77,2,100
10/8/2021 8:10,13,53,66,2,100
10/8/2021 8:15,14,57,71,2,100
10/8/2021 8:20,18,63,81,2,100
10/8/2021 8:25,11,61,72,2,100
10/8/2021 8:30,14,50,64,2,100
10/8/2021 8:35,17,46,63,2,100
10/8/2021 8:40,19,48,67,2,100
10/8/2021 8:45,11,40,51,2,100
10/8/2021 8:50,7,47,54,2,100
10/8/2021 8:55,15,54,69,2,100
10/8/2021 9:00,15,38,53,2,100
10/8/2021 9:05,18,40,58,2,100
10/8/2021 9:10,14,34,48,2,100
10/8/2021 9:15,9,28,37,2,100
10/8/2021 9:20,12,39,51,2,100
10/8/2021 9:25,10,29,39,2,100
10/8/2021 9:30,9,48,57,2,100
10/8/2021 9:35,15,30,45,2,100
10/8/2021 9:40,14,49,63,2,100
10/8/2021 9:45,4,51,55,2,100
10/8/2021 9:50,10,36,46,2,100
10/8/2021 9:55,13,38,51,2,100
10/8/2021 10:00,14,40,54,2,100
10/8/2021 10:05,15,38,53,2,100
10/8/2021 10:10,8,51,59,2,100
10/8/2021 10:15,5,52,57,2,100
10/8/2021 10:20,16,42,58,2,100
10/8/2021 10:25,15,39,54,2,100
10/8/2021 10:30,15,43,58,2,100
10/8/2021 10:35,11,46,57,2,100
10/8/2021 10:40,13,51,64,2,100
10/8/2021 10:45,14,38,52,2,100
10/8/2021 10:50,13,44,57,2,100
10/8/2021 10:55,16,47,63,2,100
10/8/2021 11:00,5,38,43,2,100
10/8/2021 11:05,14,40,54,2,100
10/8/2021 11:10,12,54,66,2,100
10/8/2021 11:15,16,55,71,2,100
10/8/2021 11:20,16,39,55,2,100
10/8/2021 11:25,14,45,59,2,100
10/8/2021 11:30,7,44,51,2,100
10/8/2021 11:35,10,34,44,2,100
10/8/2021 11:40,17,54,71,2,100
10/8/2021 11:45,15,47,62,2,100
10/8/2021 11:50,16,61,77,2,100
10/8/2021 11:55,18,44,62,2,100
10/8/2021 12:00,20,47,67,2,100
10/8/2021 12:05,21,40,61,2,100
10/8/2021 12:10,19,49,68,2,100
10/8/2021 12:15,18,50,68,2,100
10/8/2021 12:20,13,50,63,2,100
10/8/2021 12:25,14,50,64,2,100
10/8/2021 12:30,16,54,70,2,100
10/8/2021 12:35,26,55,81,2,100
10/8/2021 12:40,18,68,86,2,100
10/8/2021 12:45,23,64,87,2,100
10/8/2021 12:50,14,63,77,2,100
10/8/2021 12:55,17,48,65,2,100
10/8/2021 13:00,19,54,73,2,100
10/8/2021 13:05,9,53,62,2,100
10/8/2021 13:10,13,43,56,2,100
10/8/2021 13:15,14,40,54,2,100
10/8/2021 13:20,14,41,55,2,100
10/8/2021 13:25,25,55,80,2,100
10/8/2021 13:30,18,51,69,2,100
10/8/2021 13:35,12,53,65,2,100
10/8/2021 13:40,13,37,50,2,100
10/8/2021 13:45,18,51,69,2,100
10/8/2021 13:50,11,68,79,2,100
10/8/2021 13:55,17,57,74,2,100
10/8/2021 14:00,17,46,63,2,100
10/8/2021 14:05,12,59,71,2,100
10/8/2021 14:10,16,49,65,2,100
10/8/2021 14:15,16,45,61,2,100
10/8/2021 14:20,20,56,76,2,100
10/8/2021 14:25,13,46,59,2,100
10/8/2021 14:30,12,59,71,2,100
10/8/2021 14:35,23,58,81,2,100
10/8/2021 14:40,17,43,60,2,100
10/8/2021 14:45,14,67,81,2,100
10/8/2021 14:50,24,66,90,2,100
10/8/2021 14:55,23,63,86,2,100
10/8/2021 15:00,17,59,76,2,100
10/8/2021 15:05,23,57,80,2,100
10/8/2021 15:10,18,57,75,2,100
10/8/2021 15:15,23,48,71,2,100
10/8/2021 15:20,14,66,80,2,100
10/8/2021 15:25,21,85,106,2,100
10/8/2021 15:30,22,74,96,2,100
10/8/2021 15:35,23,57,80,2,100
10/8/2021 15:40,31,68,99,2,100
10/8/2021 15:45,20,73,93,2,100
10/8/2021 15:50,23,82,105,2,100
10/8/2021 15:55,15,63,78,2,100
10/8/2021 16:00,29,64,93,2,100
10/8/2021 16:05,27,58,85,2,100
10/8/2021 16:10,19,65,84,2,100
10/8/2021 16:15,17,60,77,2,100
10/8/2021 16:20,14,71,85,2,100
10/8/2021 16:25,14,66,80,2,100
10/8/2021 16:30,17,64,81,2,100
10/8/2021 16:35,24,64,88,2,100
10/8/2021 16:40,20,73,93,2,100
10/8/2021 16:45,22,72,94,2,100
10/8/2021 16:50,19,71,90,2,100
10/8/2021 16:55,16,69,85,2,100
10/8/2021 17:00,16,47,63,2,100
10/8/2021 17:05,25,58,83,2,100
10/8/2021 17:10,25,76,101,2,100
10/8/2021 17:15,22,66,88,2,100
10/8/2021 17:20,26,71,97,2,100
10/8/2021 17:25,13,62,75,2,100
10/8/2021 17:30,18,73,91,2,100
10/8/2021 17:35,22,55,77,2,100
10/8/2021 17:40,24,61,85,2,100
10/8/2021 17:45,17,61,78,2,100
10/8/2021 17:50,25,57,82,2,100
10/8/2021 17:55,25,59,84,2,100
10/8/2021 18:00,24,72,96,2,100
10/8/2021 18:05,17,49,66,2,100
10/8/2021 18:10,12,55,67,2,100
10/8/2021 18:15,22,63,85,2,100
10/8/2021 18:20,18,43,61,2,100
10/8/2021 18:25,28,66,94,2,100
10/8/2021 18:30,16,50,66,2,100
10/8/2021 18:35,21,53,74,2,100
10/8/2021 18:40,12,44,56,2,100
10/8/2021 18:45,19,58,77,2,100
10/8/2021 18:50,17,48,65,2,100
10/8/2021 18:55,12,45,57,2,100
10/8/2021 19:00,10,46,56,2,100
10/8/2021 19:05,12,37,49,2,100
10/8/2021 19:10,17,47,64,2,100
10/8/2021 19:15,10,45,55,2,100
10/8/2021 19:20,17,48,65,2,100
10/8/2021 19:25,10,42,52,2,100
10/8/2021 19:30,14,53,67,2,100
10/8/2021 19:35,14,34,48,2,100
10/8/2021 19:40,15,37,52,2,100
10/8/2021 19:45,22,41,63,2,100
10/8/2021 19:50,15,50,65,2,100
10/8/2021 19:55,14,35,49,2,100
10/8/2021 20:00,12,39,51,2,100
10/8/2021 20:05,13,28,41,2,100
10/8/2021 20:10,10,41,51,2,100
10/8/2021 20:15,19,37,56,2,100
10/8/2021 20:20,12,36,48,2,100
10/8/2021 20:25,10,27,37,2,100
10/8/2021 20:30,14,32,46,2,100
10/8/2021 20:35,16,28,44,2,100
10/8/2021 20:40,10,24,34,2,100
10/8/2021 20:45,10,24,34,2,100
10/8/2021 20:50,14,22,36,2,100
10/8/2021 20:55,7,31,38,2,100
10/8/2021 21:00,6,26,32,2,100
10/8/2021 21:05,14,26,40,2,100
10/8/2021 21:10,11,24,35,2,100
10/8/2021 21:15,12,30,42,2,100
10/8/2021 21:20,13,20,33,2,100
10/8/2021 21:25,9,24,33,2,100
10/8/2021 21:30,15,31,46,2,100
10/8/2021 21:35,4,22,26,2,100
10/8/2021 21:40,12,30,42,2,100
10/8/2021 21:45,13,27,40,2,100
10/8/2021 21:50,17,33,50,2,100
10/8/2021 21:55,12,17,29,2,100
10/8/2021 22:00,9,21,30,2,100
10/8/2021 22:05,10,25,35,2,100
10/8/2021 22:10,12,27,39,2,100
10/8/2021 22:15,8,21,29,2,100
10/8/2021 22:20,11,23,34,2,100
10/8/2021 22:25,4,27,31,2,100
10/8/2021 22:30,8,36,44,2,100
10/8/2021 22:35,8,29,37,2,100
10/8/2021 22:40,8,22,30,2,100
10/8/2021 22:45,7,17,24,2,100
10/8/2021 22:50,7,13,20,2,100
10/8/2021 22:55,10,13,23,2,100
10/8/2021 23:00,8,21,29,2,100
10/8/2021 23:05,2,26,28,2,100
10/8/2021 23:10,6,21,27,2,100
10/8/2021 23:15,8,19,27,2,100
10/8/2021 23:20,12,19,31,2,100
10/8/2021 23:25,7,17,24,2,100
10/8/2021 23:30,4,12,16,2,100
10/8/2021 23:35,6,18,24,2,100
10/8/2021 23:40,6,10,16,2,100
10/8/2021 23:45,6,11,17,2,100
10/8/2021 23:50,4,4,8,2,100
10/8/2021 23:55,5,12,17,2,100
10/9/2021 0:00,5,11,16,2,100
10/9/2021 0:05,4,8,12,2,100
10/9/2021 0:10,5,10,15,2,100
10/9/2021 0:15,7,11,18,2,100
10/9/2021 0:20,8,10,18,2,100
10/9/2021 0:25,4,9,13,2,100
10/9/2021 0:30,5,7,12,2,100
10/9/2021 0:35,2,12,14,2,100
10/9/2021 0:40,3,9,12,2,100
10/9/2021 0:45,5,9,14,2,100
10/9/2021 0:50,3,8,11,2,100
10/9/2021 0:55,1,7,8,2,100
10/9/2021 1:00,1,6,7,2,100
10/9/2021 1:05,5,6,11,2,100
10/9/2021 1:10,3,3,6,2,100
10/9/2021 1:15,2,5,7,2,100
10/9/2021 1:20,5,3,8,2,100
10/9/2021 1:25,1,10,11,2,100
10/9/2021 1:30,4,5,9,2,100
10/9/2021 1:35,4,5,9,2,100
10/9/2021 1:40,3,5,8,2,100
10/9/2021 1:45,2,2,4,2,100
10/9/2021 1:50,0,1,1,2,100
10/9/2021 1:55,1,3,4,2,100
10/9/2021 2:00,0,4,4,2,100
10/9/2021 2:05,6,3,9,2,100
10/9/2021 2:10,7,3,10,2,100
10/9/2021 2:15,4,7,11,2,100
10/9/2021 2:20,0,4,4,2,100
10/9/2021 2:25,2,3,5,2,100
10/9/2021 2:30,1,2,3,2,100
10/9/2021 2:35,4,1,5,2,100
10/9/2021 2:40,2,7,9,2,100
10/9/2021 2:45,1,5,6,2,100
10/9/2021 2:50,1,4,5,2,100
10/9/2021 2:55,2,5,7,2,100
10/9/2021 3:00,1,7,8,2,100
10/9/2021 3:05,1,1,2,2,100
10/9/2021 3:10,1,5,6,2,100
10/9/2021 3:15,2,6,8,2,100
10/9/2021 3:20,5,4,9,2,100
10/9/2021 3:25,0,4,4,2,100
10/9/2021 3:30,0,2,2,2,100
10/9/2021 3:35,0,3,3,2,100
10/9/2021 3:40,3,2,5,2,100
10/9/2021 3:45,2,1,3,2,100
10/9/2021 3:50,0,1,1,2,100
10/9/2021 3:55,2,3,5,2,100
10/9/2021 4:00,0,2,2,2,100
10/9/2021 4:05,2,3,5,2,100
10/9/2021 4:10,1,3,4,2,100
10/9/2021 4:15,0,2,2,2,100
10/9/2021 4:20,1,1,2,2,100
10/9/2021 4:25,1,3,4,2,100
10/9/2021 4:30,1,4,5,2,100
10/9/2021 4:35,1,4,5,2,100
10/9/2021 4:40,1,2,3,2,100
10/9/2021 4:45,0,3,3,2,100
10/9/2021 4:50,3,4,7,2,100
10/9/2021 4:55,1,3,4,2,100
10/9/2021 5:00,1,5,6,2,100
10/9/2021 5:05,3,3,6,2,100
10/9/2021 5:10,5,3,8,2,100
10/9/2021 5:15,1,3,4,2,100
10/9/2021 5:20,0,4,4,2,100
10/9/2021 5:25,1,7,8,2,100
10/9/2021 5:30,2,2,4,2,100
10/9/2021 5:35,2,3,5,2,100
10/9/2021 5:40,0,1,1,2,100
10/9/2021 5:45,0,3,3,2,100
10/9/2021 5:50,3,7,10,2,100
10/9/2021 5:55,3,3,6,2,100
10/9/2021 6:00,0,5,5,2,100
10/9/2021 6:05,4,5,9,2,100
10/9/2021 6:10,4,6,10,2,100
10/9/2021 6:15,1,7,8,2,100
10/9/2021 6:20,4,5,9,2,100
10/9/2021 6:25,3,4,7,2,100
10/9/2021 6:30,3,9,12,2,100
10/9/2021 6:35,2,9,11,2,100
10/9/2021 6:40,1,5,6,2,100
10/9/2021 6:45,4,7,11,2,100
10/9/2021 6:50,2,5,7,2,100
10/9/2021 6:55,5,13,18,2,100
10/9/2021 7:00,2,14,16,2,100
10/9/2021 7:05,6,11,17,2,100
10/9/2021 7:10,6,7,13,2,100
10/9/2021 7:15,2,11,13,2,100
10/9/2021 7:20,3,11,14,2,100
10/9/2021 7:25,4,15,19,2,100
10/9/2021 7:30,4,19,23,2,100
10/9/2021 7:35,5,18,23,2,100
10/9/2021 7:40,9,17,26,2,100
10/9/2021 7:45,6,16,22,2,100
10/9/2021 7:50,6,22,28,2,100
10/9/2021 7:55,6,27,33,2,100
10/9/2021 8:00,5,18,23,2,100
10/9/2021 8:05,6,19,25,2,100
10/9/2021 8:10,7,20,27,2,100
10/9/2021 8:15,11,22,33,2,100
10/9/2021 8:20,3,27,30,2,100
10/9/2021 8:25,2,20,22,2,100
10/9/2021 8:30,7,18,25,2,100
10/9/2021 8:35,9,22,31,2,100
10/9/2021 8:40,8,26,34,2,100
10/9/2021 8:45,5,28,33,2,100
10/9/2021 8:50,10,24,34,2,100
10/9/2021 8:55,8,19,27,2,100
10/9/2021 9:00,11,31,42,2,100
10/9/2021 9:05,4,23,27,2,100
10/9/2021 9:10,5,25,30,2,100
10/9/2021 9:15,6,26,32,2,100
10/9/2021 9:20,5,25,30,2,100
10/9/2021 9:25,9,33,42,2,100
10/9/2021 9:30,12,32,44,2,100
10/9/2021 9:35,5,32,37,2,100
10/9/2021 9:40,10,28,38,2,100
10/9/2021 9:45,12,37,49,2,100
10/9/2021 9:50,16,43,59,2,100
10/9/2021 9:55,13,47,60,2,100
10/9/2021 10:00,10,44,54,2,100
10/9/2021 10:05,13,40,53,2,100
10/9/2021 10:10,12,50,62,2,100
10/9/2021 10:15,12,61,73,2,100
10/9/2021 10:20,11,38,49,2,100
10/9/2021 10:25,13,46,59,2,100
10/9/2021 10:30,20,48,68,2,100
10/9/2021 10:35,10,35,45,2,100
10/9/2021 10:40,22,38,60,2,100
10/9/2021 10:45,10,54,64,2,100
10/9/2021 10:50,29,54,83,2,100
10/9/2021 10:55,12,48,60,2,100
10/9/2021 11:00,9,51,60,2,100
10/9/2021 11:05,15,39,54,2,100
10/9/2021 11:10,14,55,69,2,100
10/9/2021 11:15,18,62,80,2,100
10/9/2021 11:20,14,46,60,2,100
10/9/2021 11:25,20,59,79,2,100
10/9/2021 11:30,14,60,74,2,100
10/9/2021 11:35,22,59,81,2,100
10/9/2021 11:40,14,43,57,2,100
10/9/2021 11:45,19,62,81,2,100
10/9/2021 11:50,10,64,74,2,100
10/9/2021 11:55,18,54,72,2,100
10/9/2021 12:00,11,51,62,2,100
10/9/2021 12:05,10,74,84,2,100
10/9/2021 12:10,12,39,51,2,100
10/9/2021 12:15,13,48,61,2,100
10/9/2021 12:20,19,64,83,2,100
10/9/2021 12:25,5,49,54,2,100
10/9/2021 12:30,14,65,79,2,100
10/9/2021 12:35,19,61,80,2,100
10/9/2021 12:40,19,67,86,2,100
10/9/2021 12:45,23,59,82,2,100
10/9/2021 12:50,26,56,82,2,100
10/9/2021 12:55,17,47,64,2,100
10/9/2021 13:00,16,63,79,2,100
10/9/2021 13:05,20,54,74,2,100
10/9/2021 13:10,23,59,82,2,100
10/9/2021 13:15,19,35,54,2,100
10/9/2021 13:20,15,54,69,2,100
10/9/2021 13:25,18,66,84,2,100
10/9/2021 13:30,10,49,59,2,100
10/9/2021 13:35,22,55,77,2,100
10/9/2021 13:40,24,64,88,2,100
10/9/2021 13:45,23,58,81,2,100
10/9/2021 13:50,17,61,78,2,100
10/9/2021 13:55,21,58,79,2,100
10/9/2021 14:00,18,59,77,2,100
10/9/2021 14:05,13,57,70,2,100
10/9/2021 14:10,20,59,79,2,100
10/9/2021 14:15,17,75,92,2,100
10/9/2021 14:20,20,56,76,2,100
10/9/2021 14:25,16,50,66,2,100
10/9/2021 14:30,21,47,68,2,100
10/9/2021 14:35,18,46,64,2,100
10/9/2021 14:40,22,52,74,2,100
10/9/2021 14:45,25,59,84,2,100
10/9/2021 14:50,19,65,84,2,100
10/9/2021 14:55,17,56,73,2,100
10/9/2021 15:00,17,54,71,2,100
10/9/2021 15:05,15,53,68,2,100
10/9/2021 15:10,20,66,86,2,100
10/9/2021 15:15,28,55,83,2,100
10/9/2021 15:20,21,53,74,2,100
10/9/2021 15:25,22,47,69,2,100
10/9/2021 15:30,20,45,65,2,100
10/9/2021 15:35,18,52,70,2,100
10/9/2021 15:40,19,55,74,2,100
10/9/2021 15:45,16,61,77,2,100
10/9/2021 15:50,18,40,58,2,100
10/9/2021 15:55,20,49,69,2,100
10/9/2021 16:00,16,52,68,2,100
10/9/2021 16:05,16,62,78,2,100
10/9/2021 16:10,18,50,68,2,100
10/9/2021 16:15,22,50,72,2,100
10/9/2021 16:20,14,48,62,2,100
10/9/2021 16:25,10,37,47,2,100
10/9/2021 16:30,17,50,67,2,100
10/9/2021 16:35,23,51,74,2,100
10/9/2021 16:40,18,57,75,2,100
10/9/2021 16:45,23,69,92,2,100
10/9/2021 16:50,26,58,84,2,100
10/9/2021 16:55,20,59,79,2,100
10/9/2021 17:00,20,59,79,2,100
10/9/2021 17:05,22,60,82,2,100
10/9/2021 17:10,18,47,65,2,100
10/9/2021 17:15,21,60,81,2,100
10/9/2021 17:20,16,46,62,2,100
10/9/2021 17:25,19,51,70,2,100
10/9/2021 17:30,18,46,64,2,100
10/9/2021 17:35,18,44,62,2,100
10/9/2021 17:40,14,57,71,2,100
10/9/2021 17:45,14,61,75,2,100
10/9/2021 17:50,11,55,66,2,100
10/9/2021 17:55,16,57,73,2,100
10/9/2021 18:00,15,40,55,2,100
10/9/2021 18:05,12,52,64,2,100
10/9/2021 18:10,14,47,61,2,100
10/9/2021 18:15,18,44,62,2,100
10/9/2021 18:20,19,53,72,2,100
10/9/2021 18:25,14,36,50,2,100
10/9/2021 18:30,10,57,67,2,100
10/9/2021 18:35,23,60,83,2,100
10/9/2021 18:40,10,39,49,2,100
10/9/2021 18:45,14,46,60,2,100
10/9/2021 18:50,9,44,53,2,100
10/9/2021 18:55,16,44,60,2,100
10/9/2021 19:00,16,48,64,2,100
10/9/2021 19:05,13,43,56,2,100
10/9/2021 19:10,16,45,61,2,100
10/9/2021 19:15,10,37,47,2,100
10/9/2021 19:20,12,40,52,2,100
10/9/2021 19:25,19,47,66,2,100
10/9/2021 19:30,11,48,59,2,100
10/9/2021 19:35,19,31,50,2,100
10/9/2021 19:40,15,37,52,2,100
10/9/2021 19:45,17,47,64,2,100
10/9/2021 19:50,9,42,51,2,100
10/9/2021 19:55,12,37,49,2,100
10/9/2021 20:00,13,35,48,2,100
10/9/2021 20:05,12,37,49,2,100
10/9/2021 20:10,8,39,47,2,100
10/9/2021 20:15,11,23,34,2,100
10/9/2021 20:20,15,23,38,2,100
10/9/2021 20:25,14,26,40,2,100
10/9/2021 20:30,13,20,33,2,100
10/9/2021 20:35,6,22,28,2,100
10/9/2021 20:40,5,20,25,2,100
10/9/2021 20:45,9,24,33,2,100
10/9/2021 20:50,13,19,32,2,100
10/9/2021 20:55,6,23,29,2,100
10/9/2021 21:00,7,23,30,2,100
10/9/2021 21:05,11,24,35,2,100
10/9/2021 21:10,12,30,42,2,100
10/9/2021 21:15,4,26,30,2,100
10/9/2021 21:20,14,27,41,2,100
10/9/2021 21:25,11,22,33,2,100
10/9/2021 21:30,15,24,39,2,100
10/9/2021 21:35,11,24,35,2,100
10/9/2021 21:40,7,24,31,2,100
10/9/2021 21:45,6,27,33,2,100
10/9/2021 21:50,5,29,34,2,100
10/9/2021 21:55,9,31,40,2,100
10/9/2021 22:00,6,31,37,2,100
10/9/2021 22:05,5,22,27,2,100
10/9/2021 22:10,9,27,36,2,100
10/9/2021 22:15,13,29,42,2,100
10/9/2021 22:20,7,25,32,2,100
10/9/2021 22:25,12,19,31,2,100
10/9/2021 22:30,8,18,26,2,100
10/9/2021 22:35,5,21,26,2,100
10/9/2021 22:40,5,19,24,2,100
10/9/2021 22:45,8,23,31,2,100
10/9/2021 22:50,7,17,24,2,100
10/9/2021 22:55,9,22,31,2,100
10/9/2021 23:00,7,16,23,2,100
10/9/2021 23:05,6,16,22,2,100
10/9/2021 23:10,7,17,24,2,100
10/9/2021 23:15,2,11,13,2,100
10/9/2021 23:20,5,11,16,2,100
10/9/2021 23:25,4,16,20,2,100
10/9/2021 23:30,8,19,27,2,100
10/9/2021 23:35,2,15,17,2,100
10/9/2021 23:40,6,12,18,2,100
10/9/2021 23:45,2,13,15,2,100
10/9/2021 23:50,5,11,16,2,100
10/9/2021 23:55,4,14,18,2,100
10/10/2021 0:00,5,6,11,2,100
10/10/2021 0:05,3,13,16,2,100
10/10/2021 0:10,2,5,7,2,100
10/10/2021 0:15,3,7,10,2,100
10/10/2021 0:20,4,15,19,2,100
10/10/2021 0:25,2,13,15,2,100
10/10/2021 0:30,6,8,14,2,100
10/10/2021 0:35,2,9,11,2,100
10/10/2021 0:40,2,7,9,2,100
10/10/2021 0:45,2,9,11,2,100
10/10/2021 0:50,3,5,8,2,100
10/10/2021 0:55,1,5,6,2,100
10/10/2021 1:00,0,5,5,2,100
10/10/2021 1:05,4,7,11,2,100
10/10/2021 1:10,0,8,8,2,100
10/10/2021 1:15,0,4,4,2,100
10/10/2021 1:20,3,13,16,2,100
10/10/2021 1:25,2,5,7,2,100
10/10/2021 1:30,1,7,8,2,100
10/10/2021 1:35,2,4,6,2,100
10/10/2021 1:40,1,2,3,2,100
10/10/2021 1:45,3,6,9,2,100
10/10/2021 1:50,1,5,6,2,100
10/10/2021 1:55,0,11,11,2,100
10/10/2021 2:00,2,6,8,2,100
10/10/2021 2:05,2,5,7,2,100
10/10/2021 2:10,1,7,8,2,100
10/10/2021 2:15,0,7,7,2,100
10/10/2021 2:20,3,3,6,2,100
10/10/2021 2:25,2,3,5,2,100
10/10/2021 2:30,3,5,8,2,100
10/10/2021 2:35,0,5,5,2,100
10/10/2021 2:40,2,4,6,2,100
10/10/2021 2:45,3,4,7,2,100
10/10/2021 2:50,2,1,3,2,100
10/10/2021 2:55,0,2,2,2,100
10/10/2021 3:00,3,3,6,2,100
10/10/2021 3:05,2,2,4,2,100
10/10/2021 3:10,5,0,5,2,100
10/10/2021 3:15,1,3,4,2,100
10/10/2021 3:20,0,7,7,2,100
10/10/2021 3:25,2,2,4,2,100
10/10/2021 3:30,0,2,2,2,100
10/10/2021 3:35,1,2,3,2,100
10/10/2021 3:40,2,3,5,2,100
10/10/2021 3:45,2,2,4,2,100
10/10/2021 3:50,2,4,6,2,100
10/10/2021 3:55,0,1,1,2,100
10/10/2021 4:00,3,0,3,2,100
10/10/2021 4:05,0,0,0,2,100
10/10/2021 4:10,0,3,3,2,100
10/10/2021 4:15,1,3,4,2,100
10/10/2021 4:20,0,2,2,2,100
10/10/2021 4:25,1,0,1,2,100
10/10/2021 4:30,0,2,2,2,100
10/10/2021 4:35,1,0,1,2,100
10/10/2021 4:40,1,0,1,2,100
10/10/2021 4:45,2,3,5,2,100
10/10/2021 4:50,2,3,5,2,100
10/10/2021 4:55,1,2,3,2,100
10/10/2021 5:00,1,4,5,2,100
10/10/2021 5:05,1,3,4,2,100
10/10/2021 5:10,1,1,2,2,100
10/10/2021 5:15,0,2,2,2,100
10/10/2021 5:20,1,2,3,2,100
10/10/2021 5:25,0,1,1,2,100
10/10/2021 5:30,1,4,5,2,100
10/10/2021 5:35,0,2,2,2,100
10/10/2021 5:40,0,2,2,2,100
10/10/2021 5:45,2,3,5,2,100
10/10/2021 5:50,2,5,7,2,100
10/10/2021 5:55,2,6,8,2,100
10/10/2021 6:00,2,2,4,2,100
10/10/2021 6:05,2,6,8,2,100
10/10/2021 6:10,1,5,6,2,100
10/10/2021 6:15,6,1,7,2,100
10/10/2021 6:20,3,4,7,2,100
10/10/2021 6:25,4,4,8,2,100
10/10/2021 6:30,1,7,8,2,100
10/10/2021 6:35,2,5,7,2,100
10/10/2021 6:40,4,2,6,2,100
10/10/2021 6:45,6,2,8,2,100
10/10/2021 6:50,2,7,9,2,100
10/10/2021 6:55,3,8,11,2,100
10/10/2021 7:00,0,8,8,2,100
10/10/2021 7:05,2,3,5,2,100
10/10/2021 7:10,3,11,14,2,100
10/10/2021 7:15,2,7,9,2,100
10/10/2021 7:20,2,9,11,2,100
10/10/2021 7:25,3,9,12,2,100
10/10/2021 7:30,4,3,7,2,100
10/10/2021 7:35,6,8,14,2,100
10/10/2021 7:40,2,11,13,2,100
10/10/2021 7:45,5,9,14,2,100
10/10/2021 7:50,1,7,8,2,100
10/10/2021 7:55,5,9,14,2,100
10/10/2021 8:00,6,9,15,2,100
10/10/2021 8:05,3,10,13,2,100
10/10/2021 8:10,3,16,19,2,100
10/10/2021 8:15,4,19,23,2,100
10/10/2021 8:20,4,16,20,2,100
10/10/2021 8:25,4,20,24,2,100
10/10/2021 8:30,3,14,17,2,100
10/10/2021 8:35,5,18,23,2,100
10/10/2021 8:40,7,11,18,2,100
10/10/2021 8:45,4,21,25,2,100
10/10/2021 8:50,3,10,13,2,100
10/10/2021 8:55,5,22,27,2,100
10/10/2021 9:00,6,20,26,2,100
10/10/2021 9:05,9,22,31,2,100
10/10/2021 9:10,8,20,28,2,100
10/10/2021 9:15,5,19,24,2,100
10/10/2021 9:20,5,21,26,2,100
10/10/2021 9:25,10,18,28,2,100
10/10/2021 9:30,9,30,39,2,100
10/10/2021 9:35,7,14,21,2,100
10/10/2021 9:40,2,28,30,2,100
10/10/2021 9:45,2,25,27,2,100
10/10/2021 9:50,11,32,43,2,100
10/10/2021 9:55,11,34,45,2,100
10/10/2021 10:00,10,34,44,2,100
10/10/2021 10:05,9,30,39,2,100
10/10/2021 10:10,10,32,42,2,100
10/10/2021 10:15,13,35,48,2,100
10/10/2021 10:20,9,43,52,2,100
10/10/2021 10:25,13,45,58,2,100
10/10/2021 10:30,16,42,58,2,100
10/10/2021 10:35,11,41,52,2,100
10/10/2021 10:40,10,48,58,2,100
10/10/2021 10:45,12,32,44,2,100
10/10/2021 10:50,11,38,49,2,100
10/10/2021 10:55,13,53,66,2,100
10/10/2021 11:00,11,55,66,2,100
10/10/2021 11:05,14,38,52,2,100
10/10/2021 11:10,15,52,67,2,100
10/10/2021 11:15,10,35,45,2,100
10/10/2021 11:20,12,51,63,2,100
10/10/2021 11:25,12,36,48,2,100
10/10/2021 11:30,14,43,57,2,100
10/10/2021 11:35,26,64,90,2,100
10/10/2021 11:40,20,49,69,2,100
10/10/2021 11:45,19,43,62,2,100
10/10/2021 11:50,10,63,73,2,100
10/10/2021 11:55,18,45,63,2,100
10/10/2021 12:00,13,41,54,2,100
10/10/2021 12:05,17,41,58,2,100
10/10/2021 12:10,14,58,72,2,100
10/10/2021 12:15,19,34,53,2,100
10/10/2021 12:20,22,56,78,2,100
10/10/2021 12:25,19,57,76,2,100
10/10/2021 12:30,24,59,83,2,100
10/10/2021 12:35,8,42,50,2,100
10/10/2021 12:40,16,67,83,2,100
10/10/2021 12:45,12,64,76,2,100
10/10/2021 12:50,12,49,61,2,100
10/10/2021 12:55,10,61,71,2,100
10/10/2021 13:00,13,54,67,2,100
10/10/2021 13:05,23,37,60,2,100
10/10/2021 13:10,10,54,64,2,100
10/10/2021 13:15,20,54,74,2,100
10/10/2021 13:20,16,53,69,2,100
10/10/2021 13:25,12,48,60,2,100
10/10/2021 13:30,15,27,42,2,100
10/10/2021 13:35,18,49,67,2,100
10/10/2021 13:40,15,41,56,2,100
10/10/2021 13:45,18,48,66,2,100
10/10/2021 13:50,18,61,79,2,100
10/10/2021 13:55,18,51,69,2,100
10/10/2021 14:00,7,37,44,2,100
10/10/2021 14:05,16,42,58,2,100
10/10/2021 14:10,20,41,61,2,100
10/10/2021 14:15,23,49,72,2,100
10/10/2021 14:20,10,52,62,2,100
10/10/2021 14:25,12,47,59,2,100
10/10/2021 14:30,9,35,44,2,100
10/10/2021 14:35,13,46,59,2,100
10/10/2021 14:40,14,58,72,2,100
10/10/2021 14:45,17,47,64,2,100
10/10/2021 14:50,14,32,46,2,100
10/10/2021 14:55,15,50,65,2,100
10/10/2021 15:00,24,61,85,2,100
10/10/2021 15:05,17,43,60,2,100
10/10/2021 15:10,10,41,51,2,100
10/10/2021 15:15,15,52,67,2,100
10/10/2021 15:20,19,54,73,2,100
10/10/2021 15:25,16,46,62,2,100
10/10/2021 15:30,15,50,65,2,100
10/10/2021 15:35,12,47,59,2,100
10/10/2021 15:40,13,49,62,2,100
10/10/2021 15:45,15,52,67,2,100
10/10/2021 15:50,20,44,64,2,100
10/10/2021 15:55,14,54,68,2,100
10/10/2021 16:00,9,51,60,2,100
10/10/2021 16:05,18,46,64,2,100
10/10/2021 16:10,15,45,60,2,100
10/10/2021 16:15,14,40,54,2,100
10/10/2021 16:20,15,39,54,2,100
10/10/2021 16:25,18,53,71,2,100
10/10/2021 16:30,10,40,50,2,100
10/10/2021 16:35,10,47,57,2,100
10/10/2021 16:40,20,47,67,2,100
10/10/2021 16:45,10,47,57,2,100
10/10/2021 16:50,28,65,93,2,100
10/10/2021 16:55,16,53,69,2,100
10/10/2021 17:00,11,43,54,2,100
10/10/2021 17:05,16,49,65,2,100
10/10/2021 17:10,18,37,55,2,100
10/10/2021 17:15,17,50,67,2,100
10/10/2021 17:20,25,38,63,2,100
10/10/2021 17:25,14,50,64,2,100
10/10/2021 17:30,18,35,53,2,100
10/10/2021 17:35,17,48,65,2,100
10/10/2021 17:40,12,34,46,2,100
10/10/2021 17:45,17,44,61,2,100
10/10/2021 17:50,24,29,53,2,100
10/10/2021 17:55,9,43,52,2,100
10/10/2021 18:00,7,45,52,2,100
10/10/2021 18:05,15,50,65,2,100
10/10/2021 18:10,13,43,56,2,100
10/10/2021 18:15,11,23,34,2,100
10/10/2021 18:20,9,52,61,2,100
10/10/2021 18:25,17,43,60,2,100
10/10/2021 18:30,13,35,48,2,100
10/10/2021 18:35,18,37,55,2,100
10/10/2021 18:40,16,47,63,2,100
10/10/2021 18:45,19,38,57,2,100
10/10/2021 18:50,12,31,43,2,100
10/10/2021 18:55,12,27,39,2,100
10/10/2021 19:00,18,36,54,2,100
10/10/2021 19:05,10,37,47,2,100
10/10/2021 19:10,9,35,44,2,100
10/10/2021 19:15,10,32,42,2,100
10/10/2021 19:20,13,45,58,2,100
10/10/2021 19:25,8,37,45,2,100
10/10/2021 19:30,11,33,44,2,100
10/10/2021 19:35,4,32,36,2,100
10/10/2021 19:40,11,27,38,2,100
10/10/2021 19:45,20,32,52,2,100
10/10/2021 19:50,12,37,49,2,100
10/10/2021 19:55,9,28,37,2,100
10/10/2021 20:00,9,25,34,2,100
10/10/2021 20:05,9,23,32,2,100
10/10/2021 20:10,15,33,48,2,100
10/10/2021 20:15,11,29,40,2,100
10/10/2021 20:20,12,24,36,2,100
10/10/2021 20:25,13,24,37,2,100
10/10/2021 20:30,8,23,31,2,100
10/10/2021 20:35,6,23,29,2,100
10/10/2021 20:40,13,28,41,2,100
10/10/2021 20:45,7,19,26,2,100
10/10/2021 20:50,14,24,38,2,100
10/10/2021 20:55,9,15,24,2,100
10/10/2021 21:00,11,23,34,2,100
10/10/2021 21:05,7,25,32,2,100
10/10/2021 21:10,14,15,29,2,100
10/10/2021 21:15,9,34,43,2,100
10/10/2021 21:20,6,16,22,2,100
10/10/2021 21:25,15,19,34,2,100
10/10/2021 21:30,4,18,22,2,100
10/10/2021 21:35,6,17,23,2,100
10/10/2021 21:40,8,19,27,2,100
10/10/2021 21:45,8,16,24,2,100
10/10/2021 21:50,7,16,23,2,100
10/10/2021 21:55,9,24,33,2,100
10/10/2021 22:00,5,17,22,2,100
10/10/2021 22:05,5,12,17,2,100
10/10/2021 22:10,4,11,15,2,100
10/10/2021 22:15,3,15,18,2,100
10/10/2021 22:20,7,9,16,2,100
10/10/2021 22:25,5,16,21,2,100
10/10/2021 22:30,5,15,20,2,100
10/10/2021 22:35,3,9,12,2,100
10/10/2021 22:40,6,11,17,2,100
10/10/2021 22:45,8,12,20,2,100
10/10/2021 22:50,2,13,15,2,100
10/10/2021 22:55,5,8,13,2,100
10/10/2021 23:00,5,9,14,2,100
10/10/2021 23:05,6,14,20,2,100
10/10/2021 23:10,2,9,11,2,100
10/10/2021 23:15,3,3,6,2,100
10/10/2021 23:20,0,10,10,2,100
10/10/2021 23:25,4,11,15,2,100
10/10/2021 23:30,3,4,7,2,100
10/10/2021 23:35,1,7,8,2,100
10/10/2021 23:40,4,8,12,2,100
10/10/2021 23:45,2,7,9,2,100
10/10/2021 23:50,1,9,10,2,100
10/10/2021 23:55,1,4,5,2,100
10/11/2021 0:00,2,2,4,2,100
10/11/2021 0:05,2,2,4,2,100
10/11/2021 0:10,5,4,9,2,100
10/11/2021 0:15,6,10,16,2,100
10/11/2021 0:20,3,2,5,2,100
10/11/2021 0:25,1,10,11,2,100
10/11/2021 0:30,1,3,4,2,100
10/11/2021 0:35,2,5,7,2,100
10/11/2021 0:40,1,6,7,2,100
10/11/2021 0:45,3,10,13,2,100
10/11/2021 0:50,3,4,7,2,100
10/11/2021 0:55,3,4,7,2,100
10/11/2021 1:00,0,3,3,2,100
10/11/2021 1:05,1,3,4,2,100
10/11/2021 1:10,0,2,2,2,100
10/11/2021 1:15,1,5,6,2,100
10/11/2021 1:20,4,3,7,2,100
10/11/2021 1:25,0,6,6,2,100
10/11/2021 1:30,0,3,3,2,100
10/11/2021 1:35,1,4,5,2,100
10/11/2021 1:40,3,0,3,2,100
10/11/2021 1:45,2,2,4,2,100
10/11/2021 1:50,0,1,1,2,100
10/11/2021 1:55,1,3,4,2,100
10/11/2021 2:00,2,1,3,2,100
10/11/2021 2:05,0,3,3,2,100
10/11/2021 2:10,1,5,6,2,100
10/11/2021 2:15,0,4,4,2,100
10/11/2021 2:20,0,2,2,2,100
10/11/2021 2:25,1,2,3,2,100
10/11/2021 2:30,0,2,2,2,100
10/11/2021 2:35,0,1,1,2,100
10/11/2021 2:40,2,2,4,2,100
10/11/2021 2:45,0,0,0,2,100
10/11/2021 2:50,0,2,2,2,100
10/11/2021 2:55,0,3,3,2,100
10/11/2021 3:00,1,0,1,2,100
10/11/2021 3:05,2,1,3,2,100
10/11/2021 3:10,0,1,1,2,100
10/11/2021 3:15,1,0,1,2,100
10/11/2021 3:20,0,0,0,2,100
10/11/2021 3:25,0,1,1,2,100
10/11/2021 3:30,1,0,1,2,100
10/11/2021 3:35,1,1,2,2,100
10/11/2021 3:40,2,2,4,2,100
10/11/2021 3:45,1,0,1,2,100
10/11/2021 3:50,0,2,2,2,100
10/11/2021 3:55,0,7,7,2,100
10/11/2021 4:00,0,1,1,2,100
10/11/2021 4:05,0,1,1,2,100
10/11/2021 4:10,0,3,3,2,100
10/11/2021 4:15,1,1,2,2,100
10/11/2021 4:20,0,4,4,2,100
10/11/2021 4:25,1,1,2,2,100
10/11/2021 4:30,0,4,4,2,100
10/11/2021 4:35,2,4,6,2,100
10/11/2021 4:40,0,1,1,2,100
10/11/2021 4:45,2,2,4,2,100
10/11/2021 4:50,2,5,7,2,100
10/11/2021 4:55,1,4,5,2,100
10/11/2021 5:00,0,2,2,2,100
10/11/2021 5:05,1,8,9,2,100
10/11/2021 5:10,3,5,8,2,100
10/11/2021 5:15,2,5,7,2,100
10/11/2021 5:20,4,1,5,2,100
10/11/2021 5:25,4,5,9,2,100
10/11/2021 5:30,3,8,11,2,100
10/11/2021 5:35,3,7,10,2,100
10/11/2021 5:40,5,6,11,2,100
10/11/2021 5:45,2,5,7,2,100
10/11/2021 5:50,4,12,16,2,100
10/11/2021 5:55,2,11,13,2,100
10/11/2021 6:00,1,5,6,2,100
10/11/2021 6:05,4,8,12,2,100
10/11/2021 6:10,6,10,16,2,100
10/11/2021 6:15,7,10,17,2,100
10/11/2021 6:20,4,6,10,2,100
10/11/2021 6:25,3,11,14,2,100
10/11/2021 6:30,3,14,17,2,100
10/11/2021 6:35,4,6,10,2,100
10/11/2021 6:40,5,17,22,2,100
10/11/2021 6:45,6,19,25,2,100
10/11/2021 6:50,3,22,25,2,100
10/11/2021 6:55,6,10,16,2,100
10/11/2021 7:00,6,12,18,2,100
10/11/2021 7:05,1,28,29,2,100
10/11/2021 7:10,6,27,33,2,100
10/11/2021 7:15,7,28,35,2,100
10/11/2021 7:20,8,19,27,2,100
10/11/2021 7:25,7,34,41,2,100
10/11/2021 7:30,9,37,46,2,100
10/11/2021 7:35,9,35,44,2,100
10/11/2021 7:40,10,37,47,2,100
10/11/2021 7:45,13,37,50,2,100
10/11/2021 7:50,14,41,55,2,100
10/11/2021 7:55,6,42,48,2,100
10/11/2021 8:00,9,41,50,2,100
10/11/2021 8:05,8,33,41,2,100
10/11/2021 8:10,3,39,42,2,100
10/11/2021 8:15,12,36,48,2,100
10/11/2021 8:20,11,39,50,2,100
10/11/2021 8:25,7,36,43,2,100
10/11/2021 8:30,4,38,42,2,100
10/11/2021 8:35,17,22,39,2,100
10/11/2021 8:40,9,38,47,2,100
10/11/2021 8:45,9,24,33,2,100
10/11/2021 8:50,6,31,37,2,100
10/11/2021 8:55,16,31,47,2,100
10/11/2021 9:00,11,32,43,2,100
10/11/2021 9:05,8,27,35,2,100
10/11/2021 9:10,9,36,45,2,100
10/11/2021 9:15,7,23,30,2,100
10/11/2021 9:20,18,36,54,2,100
10/11/2021 9:25,9,27,36,2,100
10/11/2021 9:30,9,36,45,2,100
10/11/2021 9:35,11,37,48,2,100
10/11/2021 9:40,14,37,51,2,100
10/11/2021 9:45,16,29,45,2,100
10/11/2021 9:50,6,47,53,2,100
10/11/2021 9:55,17,34,51,2,100
10/11/2021 10:00,12,39,51,2,100
10/11/2021 10:05,16,45,61,2,100
10/11/2021 10:10,9,37,46,2,100
10/11/2021 10:15,9,36,45,2,100
10/11/2021 10:20,10,56,66,2,100
10/11/2021 10:25,14,40,54,2,100
10/11/2021 10:30,9,38,47,2,100
10/11/2021 10:35,10,48,58,2,100
10/11/2021 10:40,8,46,54,2,100
10/11/2021 10:45,12,57,69,2,100
10/11/2021 10:50,14,49,63,2,100
10/11/2021 10:55,16,37,53,2,100
10/11/2021 11:00,9,34,43,2,100
10/11/2021 11:05,6,47,53,2,100
10/11/2021 11:10,13,40,53,2,100
10/11/2021 11:15,10,36,46,2,100
10/11/2021 11:20,10,45,55,2,100
10/11/2021 11:25,10,40,50,2,100
10/11/2021 11:30,10,34,44,2,100
10/11/2021 11:35,12,32,44,2,100
10/11/2021 11:40,14,33,47,2,100
10/11/2021 11:45,10,51,61,2,100
10/11/2021 11:50,16,42,58,2,100
10/11/2021 11:55,12,39,51,2,100
10/11/2021 12:00,13,41,54,2,100
10/11/2021 12:05,14,54,68,2,100
10/11/2021 12:10,15,35,50,2,100
10/11/2021 12:15,7,50,57,2,100
10/11/2021 12:20,15,39,54,2,100
10/11/2021 12:25,11,49,60,2,100
10/11/2021 12:30,19,31,50,2,100
10/11/2021 12:35,15,44,59,2,100
10/11/2021 12:40,18,37,55,2,100
10/11/2021 12:45,19,40,59,2,100
10/11/2021 12:50,17,43,60,2,100
10/11/2021 12:55,12,62,74,2,100
10/11/2021 13:00,9,39,48,2,100
10/11/2021 13:05,13,39,52,2,100
10/11/2021 13:10,10,39,49,2,100
10/11/2021 13:15,14,51,65,2,100
10/11/2021 13:20,15,49,64,2,100
10/11/2021 13:25,17,49,66,2,100
10/11/2021 13:30,10,31,41,2,100
10/11/2021 13:35,18,40,58,2,100
10/11/2021 13:40,15,53,68,2,100
10/11/2021 13:45,11,54,65,2,100
10/11/2021 13:50,6,51,57,2,100
10/11/2021 13:55,17,43,60,2,100
10/11/2021 14:00,22,51,73,2,100
10/11/2021 14:05,9,35,44,2,100
10/11/2021 14:10,14,56,70,2,100
10/11/2021 14:15,11,42,53,2,100
10/11/2021 14:20,20,62,82,2,100
10/11/2021 14:25,15,44,59,2,100
10/11/2021 14:30,15,49,64,2,100
10/11/2021 14:35,13,41,54,2,100
10/11/2021 14:40,22,56,78,2,100
10/11/2021 14:45,15,67,82,2,100
10/11/2021 14:50,14,59,73,2,100
10/11/2021 14:55,13,44,57,2,100
10/11/2021 15:00,9,57,66,2,100
10/11/2021 15:05,7,39,46,2,100
10/11/2021 15:10,12,51,63,2,100
10/11/2021 15:15,21,47,68,2,100
10/11/2021 15:20,11,41,52,2,100
10/11/2021 15:25,19,54,73,2,100
10/11/2021 15:30,12,64,76,2,100
10/11/2021 15:35,18,68,86,2,100
10/11/2021 15:40,17,59,76,2,100
10/11/2021 15:45,23,71,94,2,100
10/11/2021 15:50,17,54,71,2,100
10/11/2021 15:55,21,54,75,2,100
10/11/2021 16:00,18,48,66,2,100
10/11/2021 16:05,16,65,81,2,100
10/11/2021 16:10,18,62,80,2,100
10/11/2021 16:15,19,40,59,2,100
10/11/2021 16:20,18,66,84,2,100
10/11/2021 16:25,19,57,76,2,100
10/11/2021 16:30,13,67,80,2,100
10/11/2021 16:35,8,59,67,2,100
10/11/2021 16:40,23,62,85,2,100
10/11/2021 16:45,21,59,80,2,100
10/11/2021 16:50,20,57,77,2,100
10/11/2021 16:55,18,78,96,2,100
10/11/2021 17:00,17,68,85,2,100
10/11/2021 17:05,17,61,78,2,100
10/11/2021 17:10,19,60,79,2,100
10/11/2021 17:15,25,69,94,2,100
10/11/2021 17:20,18,49,67,2,100
10/11/2021 17:25,21,49,70,2,100
10/11/2021 17:30,21,52,73,2,100
10/11/2021 17:35,16,61,77,2,100
10/11/2021 17:40,23,67,90,2,100
10/11/2021 17:45,16,55,71,2,100
10/11/2021 17:50,19,55,74,2,100
10/11/2021 17:55,29,51,80,2,100
10/11/2021 18:00,23,39,62,2,100
10/11/2021 18:05,18,40,58,2,100
10/11/2021 18:10,21,58,79,2,100
10/11/2021 18:15,11,47,58,2,100
10/11/2021 18:20,17,54,71,2,100
10/11/2021 18:25,15,47,62,2,100
10/11/2021 18:30,11,54,65,2,100
10/11/2021 18:35,18,48,66,2,100
10/11/2021 18:40,20,54,74,2,100
10/11/2021 18:45,17,33,50,2,100
10/11/2021 18:50,19,36,55,2,100
10/11/2021 18:55,18,38,56,2,100
10/11/2021 19:00,14,39,53,2,100
10/11/2021 19:05,16,34,50,2,100
10/11/2021 19:10,11,40,51,2,100
10/11/2021 19:15,20,44,64,2,100
10/11/2021 19:20,12,43,55,2,100
10/11/2021 19:25,16,40,56,2,100
10/11/2021 19:30,15,42,57,2,100
10/11/2021 19:35,13,29,42,2,100
10/11/2021 19:40,13,43,56,2,100
10/11/2021 19:45,14,32,46,2,100
10/11/2021 19:50,11,33,44,2,100
10/11/2021 19:55,14,38,52,2,100
10/11/2021 20:00,10,31,41,2,100
10/11/2021 20:05,6,20,26,2,100
10/11/2021 20:10,9,18,27,2,100
10/11/2021 20:15,9,42,51,2,100
10/11/2021 20:20,9,20,29,2,100
10/11/2021 20:25,12,25,37,2,100
10/11/2021 20:30,8,28,36,2,100
10/11/2021 20:35,6,21,27,2,100
10/11/2021 20:40,6,18,24,2,100
10/11/2021 20:45,6,23,29,2,100
10/11/2021 20:50,4,23,27,2,100
10/11/2021 20:55,11,24,35,2,100
10/11/2021 21:00,14,24,38,2,100
10/11/2021 21:05,8,22,30,2,100
10/11/2021 21:10,2,19,21,2,100
10/11/2021 21:15,6,16,22,2,100
10/11/2021 21:20,12,27,39,2,100
10/11/2021 21:25,8,19,27,2,100
10/11/2021 21:30,9,18,27,2,100
10/11/2021 21:35,5,7,12,2,100
10/11/2021 21:40,6,28,34,2,100
10/11/2021 21:45,5,13,18,2,100
10/11/2021 21:50,5,12,17,2,100
10/11/2021 21:55,5,15,20,2,100
10/11/2021 22:00,5,13,18,2,100
10/11/2021 22:05,7,23,30,2,100
10/11/2021 22:10,6,16,22,2,100
10/11/2021 22:15,6,15,21,2,100
10/11/2021 22:20,4,13,17,2,100
10/11/2021 22:25,6,16,22,2,100
10/11/2021 22:30,5,15,20,2,100
10/11/2021 22:35,3,9,12,2,100
10/11/2021 22:40,4,14,18,2,100
10/11/2021 22:45,4,23,27,2,100
10/11/2021 22:50,5,10,15,2,100
10/11/2021 22:55,5,13,18,2,100
10/11/2021 23:00,4,6,10,2,100
10/11/2021 23:05,0,9,9,2,100
10/11/2021 23:10,6,4,10,2,100
10/11/2021 23:15,5,15,20,2,100
10/11/2021 23:20,2,6,8,2,100
10/11/2021 23:25,4,6,10,2,100
10/11/2021 23:30,2,8,10,2,100
10/11/2021 23:35,1,4,5,2,100
10/11/2021 23:40,0,5,5,2,100
10/11/2021 23:45,4,8,12,2,100
10/11/2021 23:50,2,7,9,2,100
10/11/2021 23:55,4,2,6,2,100
